id,domain,status,purchase_price,renewal_price,attractiveness,demand,length,registrar,created_at,expires_at,status_verified_at
f707032c-1948-4a67-96bb-2ba60ee16127,fitness.diet,available,93.35,103.4,high,medium,7,spaceship,,,07/10/2026 08:30
afa39bad-a8fa-4b71-aff4-355d8faad719,fitness.fit,premium,2070.2,26.08,high,medium,7,spaceship,,,07/10/2026 08:30
201ebdcb-54c2-49b2-a4ab-ddd8ba0b5c85,health.diet,premium,2600,2600,high,low,6,namecheap,,,07/10/2026 05:06
21c5b035-bb8c-4cd3-80b4-66177c6ca05e,exercise.fitness,premium,242,242,high,low,8,namesilo,,,07/10/2026 08:26
c08b7ba2-4008-415b-82cc-3807e6615083,health.coach,resell,,,high,low,6,"Go Australia Domains, LLC",08/03/2015 16:00,08/03/2027 16:00,07/10/2026 05:06
bb2cd80b-210b-4ae5-a11d-4e1e9f8a1f80,fitness.education,premium,118.8,118.8,high,medium,7,namesilo,,,07/10/2026 08:30
5a08e1db-c099-4784-9026-0381e33e2e62,fitness.surgery,premium,242,242,high,medium,7,namesilo,,,07/10/2026 08:30
818770b3-352c-41c9-a51f-c5e83347c315,fitness.tennis,premium,207.2,207.2,high,medium,7,spaceship,,,07/10/2026 08:30
4dd1a9a7-6146-4031-9e1c-d1ddf9b5f77a,exercise.diet,available,100.2,100.2,high,low,8,cloudflare,,,07/10/2026 08:26
51e7c203-8f30-40e8-934a-0379d70ce5c6,fitness.hair,premium,672.95,672.95,high,medium,7,spaceship,,,07/10/2026 08:30
68f06c9f-5d22-4568-84e3-cd893d9c7b0b,health.pet,premium,2750,2750,high,low,6,dynadot,,,07/10/2026 05:06
2c657ae0-1a0b-4062-b1a6-3122b3bc5080,fitness.cricket,premium,640,77.35,high,medium,7,namesilo,,,07/10/2026 08:30
ec382696-70e7-4eb2-bb78-385dfd64a2dc,health.futbol,available,5.57,5.57,high,low,6,dynadot,,,07/10/2026 05:06
4df36910-c276-4f4d-8c78-e06e9f36b672,health.racing,premium,103.7,103.7,high,low,6,spaceship,,,07/10/2026 05:06
17ae03ff-c116-4ef1-9468-74855a81d929,fitness.cyou,premium,68.43,147.2,high,medium,7,namesilo,,,07/10/2026 08:30
6684963a-86fc-4ce8-b276-48c3ea2b5302,fitness.glass,premium,512,512,high,medium,7,namesilo,,,07/10/2026 08:30
cc13aec0-aa59-4a63-983b-a76623cf56ab,fitness.productions,premium,242,242,high,medium,7,namesilo,,,07/10/2026 08:30
f1e01a8c-c96e-4989-81b1-2cb5cd0ba4e0,fitness.photography,premium,400.5,512,high,medium,7,unstoppable,,,07/10/2026 08:30
42154e0c-74d4-4d82-b32d-c7f238803083,health.management,resell,,,high,low,6,Dynadot Inc,27/05/2018 10:41,27/05/2027 10:41,07/10/2026 05:06
3444e303-6a54-45ba-b704-359a8cee6228,health.diy,premium,640,640,high,low,6,namesilo,,,07/10/2026 05:06
c37d6d79-13d1-415d-9bfb-960069955cac,fitness.town,premium,102.67,102.67,high,medium,7,spaceship,,,07/10/2026 08:30
d0c67d29-e889-4db4-8155-5911c30138e9,fitness.casino,available,14.99,179.99,high,medium,7,namesilo,,,07/10/2026 08:30
df9bf2cd-e838-494a-85e3-5ab8354daa53,health.gay,premium,2070.2,2070.2,high,low,6,spaceship,,,07/10/2026 05:06
4fb4ce29-8322-4248-bfe0-c30c7c0ca79c,fitness.loan,premium,1107,116,high,medium,7,namesilo,,,07/10/2026 08:30
89b3e004-a16c-454b-9c1b-2a0858ee99e2,fitness.engineering,premium,200.5,207.2,high,medium,7,unstoppable,,,07/10/2026 08:30
b7718c12-f542-495c-a700-8333db764651,fitness.bar,premium,990,990,high,medium,7,dynadot,,,07/10/2026 08:30
b91781a0-9eed-425e-94d1-b2221a582509,health.luxe,premium,414.2,15.73,high,low,6,spaceship,,,07/10/2026 05:06
e8a98d74-b9f1-475c-8da0-d561d3ff5ffc,health.loans,premium,242,242,high,low,6,namesilo,,,07/10/2026 05:06
5f19c97d-0599-40a9-9c12-668f3e6d0942,fitness.ngo,available,18.98,24.98,high,medium,7,namecheap,,,07/10/2026 08:30
11bb9b63-0f2b-4ac2-b350-b015bf1ba48b,fitness.team,resell,,,high,medium,7,"GoDaddy.com, LLC",04/08/2023 04:38,04/08/2027 04:38,07/10/2026 08:30
e2b3612c-e426-4a06-b93e-fc22a5efe875,fitness.pw,premium,3450,3450,high,medium,7,namesilo,,,07/10/2026 08:30
23453867-d6d7-4ff1-bd42-56b1ba6be9d8,fitness.storage,available,509.99,529.99,high,medium,7,namesilo,,,07/10/2026 08:30
fe9febbd-9b94-44de-acc9-18a13014f45e,fitness.accountants,available,90.2,90.2,high,medium,7,cloudflare,,,07/10/2026 08:30
89ae735c-9b99-43c5-860a-5fb389a2ce69,health.investments,premium,400.5,512,high,low,6,unstoppable,,,07/10/2026 05:06
589fc157-cd34-4932-9322-4cd56feb7e5e,health.juegos,available,368.98,478.98,high,low,6,namecheap,,,07/10/2026 05:06
e9e613a6-3e66-4a9d-beab-cc18c488d319,fitness.film,premium,130,130,high,medium,7,namecheap,,,07/10/2026 08:30
d9b68f71-5fac-4b12-b239-f54721e45bb1,health.hot,premium,110,110,high,low,6,dynadot,,,07/10/2026 05:06
65832ad8-e3cd-4073-8ed5-d849235804c4,health.rent,resell,,,high,low,6,"GoDaddy.com, LLC",06/12/2020 19:56,06/12/2026 23:59,07/10/2026 05:06
b383495e-1945-4e5a-8379-f08ce3ae6d63,fitness.host,premium,258.95,517.7,high,medium,7,spaceship,,,07/10/2026 08:30
6a61eda5-0e5e-45d6-8c58-f9b39dac97b4,fitness.dad,premium,1034.17,1034.17,high,medium,7,spaceship,,,07/10/2026 08:30
eb8759f5-92be-4ade-aac9-070a5c27db02,health.immo,available,28.15,28.15,high,low,6,spaceship,,,07/10/2026 05:06
52418c15-f988-4a18-8920-62b9ea3217c8,health.cab,resell,,,high,low,6,"Chengdu West Dimension Digital Technology Co., Ltd.",02/03/2017 23:29,02/03/2028 23:29,07/10/2026 05:06
3ba58c7c-5fb5-4cb7-819f-7ca0b7b736e0,fitness.guide,premium,,,high,medium,7,,,,07/10/2026 08:30
7b760ca1-53c0-49ab-9ed7-beedd508a6bd,fitness.lease,premium,118.8,118.8,high,medium,7,namesilo,,,07/10/2026 08:30
90433250-caf8-4a4b-a667-693750a95c1c,fitness.immo,available,8.24,32.32,high,medium,7,dynadot,,,07/10/2026 08:30
08efc2ff-dc76-423b-b873-129301ca2749,fitness.associates,premium,118.8,118.8,high,medium,7,namesilo,,,07/10/2026 08:30
ac47f6da-38ed-4835-a5df-80e2deb1cbe2,health.gallery,premium,102.67,102.67,high,low,6,spaceship,,,07/10/2026 05:06
aea2050f-1b5a-4f38-b5cb-aa927db86ad7,health.studio,premium,517.7,1035.2,high,low,6,spaceship,,,07/10/2026 05:06
1d74b184-8df6-4d23-a8f6-162007641848,health.creditcard,premium,220,220,high,low,6,dynadot,,,07/10/2026 05:06
25e1bda6-dde1-4748-adec-5479d3db20b9,health.army,premium,242,242,high,low,6,namesilo,,,07/10/2026 05:06
796b2efd-0988-413a-95a0-754336f7e92f,health.blue,resell,,,high,low,6,"Spaceship, Inc.",14/03/2019 10:12,14/03/2027 10:12,07/10/2026 05:06
bc46ff2b-9346-4d7b-a313-1e1492fa3395,health.christmas,premium,2183.84,2183.84,high,low,6,porkbun,,,07/10/2026 05:06
67bd25ac-8e85-4147-afaa-79d9d931389a,health.reisen,premium,218.8,437.19,high,low,6,porkbun,,,07/10/2026 05:06
ab170ec0-621d-4d01-a0c2-3aab03c15a64,health.voyage,resell,,,high,low,6,"Global Domains International, Inc. DBA DomainCostClub.com",29/05/2026 15:15,29/05/2027 15:15,07/10/2026 05:06
d0280c67-eca8-4a07-b22f-bf56087d7f9b,fitness.investments,available,12.99,129.99,high,medium,7,namesilo,,,07/10/2026 08:30
7b5354cd-39ec-4438-870f-90395da9c6f1,fitness.cash,resell,,,high,medium,7,"GoDaddy.com, LLC",04/08/2023 04:38,04/08/2027 04:38,07/10/2026 08:30
87554bac-9b97-430d-a47d-2f48a50dd2a0,fitness.schule,available,28.99,28.99,high,medium,7,namesilo,,,07/10/2026 08:30
1c79a013-a55a-4706-a664-62efbb988a7d,health.foo,premium,1034.17,1034.17,high,low,6,spaceship,,,07/10/2026 05:06
4ea5c8dd-001f-46c2-b3c0-fff651882dd0,fitness.theatre,available,465.95,500.18,high,medium,7,spaceship,,,07/10/2026 08:30
0ad8df86-09c4-4389-82fb-6b3d9852c0c3,health.cleaning,premium,128.7,128.7,high,low,6,namecheap,,,07/10/2026 05:06
c362c226-7cd8-4390-ab82-0a75384d72c0,fitness.green,premium,640,640,high,medium,7,namesilo,,,07/10/2026 08:30
c42d8dd2-7b52-49ff-860c-0be31bb40990,health.dealer,premium,1604.45,2070.2,high,low,6,spaceship,,,07/10/2026 05:06
430888b5-974a-4022-8a64-d1957600cd90,health.berlin,premium,1268.8,1268.8,high,low,6,namecheap,,,07/10/2026 05:06
e0f0b2bc-e087-49f1-b54c-088359a0cac1,fitness.vet,premium,118.8,118.8,high,medium,7,namesilo,,,07/10/2026 08:30
faf783d1-286f-4e34-871e-05dca1131fca,fitness.cx,resell,,,high,medium,7,West263 International Limited,17/07/2024 02:11,17/07/2027 02:11,07/10/2026 08:30
98830adb-9b8a-4085-8783-36d596b5d028,fitness.hot,premium,1100,1100,high,medium,7,dynadot,,,07/10/2026 08:30
f28b1f5b-6eea-4f67-a241-bebfc5d8e0ef,health.archi,available,19.99,103.99,high,low,6,namesilo,,,07/10/2026 05:06
a5f1e4ff-f54b-4b0c-8e4e-b22f51cc7683,fitness.moe,premium,96,14.16,high,medium,7,namesilo,,,07/10/2026 08:30
d0483ddb-f29f-4ca5-ad66-4bc762f1b55c,fitness.sexy,available,2749.99,2749.99,high,medium,7,namesilo,,,07/10/2026 08:30
8f67a038-9e0a-41ae-a163-834231900cf8,fitness.ag,available,89.99,79.99,high,medium,7,namesilo,,,07/10/2026 08:30
f3240a5b-a797-4aae-a6a4-5a4d1ea1f2a8,health.cafe,resell,,,high,low,6,"Chengdu West Dimension Digital Technology Co., Ltd.",18/12/2019 07:40,18/12/2026 07:40,07/10/2026 05:06
5efa0d53-5122-4afc-b59b-42061df0fb80,fitness.rehab,premium,242,242,high,medium,7,namesilo,,,07/10/2026 08:30
13a1bb6c-6c88-4ca9-a971-7ec453ba1e09,health.moi,premium,1107,1107,high,low,6,namesilo,,,07/10/2026 05:06
b884b9b6-4501-4f20-850f-d73c5bad8fde,health.attorney,premium,1035.2,1035.2,high,low,6,spaceship,,,07/10/2026 05:06
9837903e-0c68-4cf6-aaa7-37a114e35a72,health.foundation,resell,,,high,low,6,"Spaceship, Inc.",17/02/2018 18:44,17/02/2027 18:44,07/10/2026 05:06
79b989b9-f63c-41d3-8a82-9386e764926e,fitness.city,premium,207.2,414.2,high,medium,7,spaceship,,,07/10/2026 08:30
d8db854b-ebb3-4450-9bd8-dcb09679ebd8,fitness.country,available,2298,2450,high,medium,7,namecheap,,,07/10/2026 08:30
211e13a8-c2bd-4cae-b195-25029e02b401,fitness.industries,premium,512,512,high,medium,7,namesilo,,,07/10/2026 08:30
b2b31deb-76bf-4542-94bb-e6a562b59b6e,health.shiksha,resell,,,high,low,6,PDR Ltd. d/b/a PublicDomainRegistry.com,08/08/2017 03:26,08/08/2027 03:26,07/10/2026 05:06
d0b962e9-1fcc-4b9d-ac58-7947f9ab0516,health.productions,premium,118.8,118.8,high,low,6,namesilo,,,07/10/2026 05:06
294d81f3-b5fd-4aa7-8150-b9d0ca6c62f7,health.click,resell,,,high,low,6,Gandi SAS,05/07/2020 11:08,05/07/2035 11:08,07/10/2026 05:06
cc35f081-b741-4bb3-8b06-6a83925903ab,health.hospital,resell,,,high,low,6,"Spaceship, Inc.",20/06/2025 15:15,20/06/2027 15:15,07/10/2026 05:06
ba3bf34d-d538-402d-aa3a-fb02da3bc672,fitness.loans,available,15.73,93.35,high,medium,7,spaceship,,,07/10/2026 08:30
3b22f264-576f-4f0d-9c42-809c9524eadf,fitness.exposed,premium,242,242,high,medium,7,namesilo,,,07/10/2026 08:30
e707a4ee-6be9-4661-bde1-c6184c4abf95,health.report,resell,,,high,low,6,"GoDaddy.com, LLC",30/06/2014 06:39,30/06/2027 06:39,07/10/2026 05:06
363cb2a5-36ec-4e71-bbc0-055c87589c35,health.markets,premium,,,high,low,6,,,,07/10/2026 05:06
bdeb3757-10bd-4246-bbf1-b4c869d01efd,health.salon,premium,118.8,118.8,high,low,6,namesilo,,,07/10/2026 05:06
51d2dc39-949e-42b7-9811-ae3653acbac8,fitness.hockey,available,59.99,59.99,high,medium,7,namesilo,,,07/10/2026 08:30
a776ef27-e981-4be6-ad9b-e20cbe2c718e,health.voting,available,1398,1448,high,low,6,namecheap,,,07/10/2026 05:06
91c463ec-a406-413f-a74c-82d4858a2d97,fitness.care,resell,,,high,medium,7,"GoDaddy.com, LLC",01/05/2024 14:28,01/05/2027 14:28,07/10/2026 08:30
a5a9de6c-9e83-48e0-8a3c-e25b5635701b,fitness.bingo,available,58.48,77.48,high,medium,7,namecheap,,,07/10/2026 08:30
c33ce78d-9f0d-430b-aa4f-e8d77d207c16,fitness.movie,available,270.2,270.2,high,medium,7,cloudflare,,,07/10/2026 08:30
a16ad055-9033-4086-a618-e0e40fcf7951,health.uno,premium,6500,6500,high,low,6,namecheap,,,07/10/2026 05:06
bb1ecab9-7de1-4276-97d1-1cb21b6f8e6f,health.florist,available,26.08,26.08,high,low,6,spaceship,,,07/10/2026 05:06
d601633e-5d7e-4c12-a587-ecc3352cf0bd,exercise.living,available,1.34,31.25,high,low,8,spaceship,,,07/10/2026 08:26
b09c7925-169f-43df-a6c6-ec77514ffc2f,exercise.hiv,available,195.99,195.99,high,low,8,namesilo,,,07/10/2026 08:26
f09334ff-dc2b-47f7-8128-5b0ced75a62a,fitness.republican,available,5.38,26,high,medium,7,spaceship,,,07/10/2026 08:30
75e7965b-c13e-43b3-a15a-76bc39d06d08,health.recipes,available,4.86,62.3,high,low,6,spaceship,,,07/10/2026 05:06
4982582d-e95f-4db7-bfb8-0ed79da484b7,fitness.lawyer,available,62.99,62.99,high,medium,7,namesilo,,,07/10/2026 08:30
579226b8-e811-47d6-b495-b9dd177f196f,fitness.rodeo,premium,47.2,11.8,high,medium,7,namesilo,,,07/10/2026 08:30
69b9198e-abe6-447b-8873-8191d05b109f,fitness.tv,resell,,,high,medium,7,Dynadot Inc,07/07/2016 08:16,07/07/2027 08:16,07/10/2026 08:30
56d91987-f5a1-4974-93f6-3c02a8a83552,fitness.rsvp,premium,1091.09,1091.09,high,medium,7,porkbun,,,07/10/2026 08:30
49062b39-3149-4ae4-b1cd-2ac245134834,health.boo,premium,1034.17,1034.17,high,low,6,spaceship,,,07/10/2026 05:06
d403f99b-f177-4b4b-986c-79c678f7eb25,health.one,resell,,,high,low,6,Dynadot Inc,23/04/2025 01:04,23/04/2027 01:04,07/10/2026 05:06
067e7e9d-a4d2-4159-a001-b102b97be861,fitness.barcelona,available,25.04,25.04,high,medium,7,spaceship,,,07/10/2026 08:30
71ff20b1-1d2e-4ee0-ab80-6da5d5997d8f,health.tours,resell,,,high,low,6,"GoDaddy.com, LLC",24/09/2016 17:45,24/09/2027 17:45,07/10/2026 05:06
bb623310-a08f-4332-ad8b-435228c09150,fitness.online,premium,10000.2,10350.2,high,medium,7,unstoppable,,,07/10/2026 08:30
0a7035a7-e6c1-470b-89ff-82f12ca63748,health.law,resell,,,high,low,6,"GoDaddy.com, LLC",14/08/2020 08:56,14/08/2027 08:56,07/10/2026 05:06
579e397b-ad6c-4027-971a-c809fef14610,fitness.cars,available,2140.22,2140.22,high,medium,7,dynadot,,,07/10/2026 08:30
bda2ab23-c940-40eb-aa47-f1116114f737,health.tattoo,available,2,32.32,high,low,6,dynadot,,,07/10/2026 05:06
7efb7557-1c97-4130-b490-8d6763404bc7,health.moda,available,32.2,32.2,high,low,6,cloudflare,,,07/10/2026 05:06
efbc6cbf-795b-4380-86d8-030f04866da6,health.fyi,resell,,,high,low,6,"Go Montenegro Domains, LLC",02/09/2015 16:00,02/09/2027 16:00,07/10/2026 05:06
5eea7f01-f512-4892-aa21-4234f3135250,health.contact,resell,,,high,low,6,Porkbun LLC,06/12/2020 16:00,06/12/2026 16:00,07/10/2026 05:06
d8399fc4-7fd2-472c-a392-994791cd01a0,fitness.car,available,1999.99,2199,high,medium,7,namesilo,,,07/10/2026 08:30
26fbac02-11ff-4fef-bfad-7908b71cdf79,health.esq,premium,1299.2,1688.7,high,low,6,unstoppable,,,07/10/2026 05:06
6595419d-921e-4cca-b991-2ce9a35ff1ae,health.bio,premium,1552.7,1552.7,high,low,6,spaceship,,,07/10/2026 05:06
781e1b04-0acc-4fbd-a1e4-0468605ab106,health.discount,premium,78.54,78.54,high,low,6,namesilo,,,07/10/2026 05:06
d163b726-2056-468f-a4fb-b56e95e49836,health.clothing,resell,,,high,low,6,"Global Domains International, Inc. DBA DomainCostClub.com",24/07/2026 15:16,24/07/2027 15:16,07/10/2026 05:06
48fb8910-75e6-40e0-8aea-36a891ec6fef,fitness.coupons,premium,828.2,828.2,high,medium,7,spaceship,,,07/10/2026 08:30
67da738a-ac47-4ec6-98cd-7734b5974770,health.vana,available,2070.2,2070.2,high,low,6,spaceship,,,07/10/2026 05:06
ee04f05b-b8a3-4e45-8c6a-3b793bd9d203,health.film,premium,116,116,high,low,6,namesilo,,,07/10/2026 05:06
247c6db6-f4ac-498e-88a0-876a008216c7,fitness.dog,resell,,,high,medium,7,"Sav.com, LLC - 24",28/07/2026 15:15,28/07/2027 15:15,07/10/2026 08:30
530b8287-775d-4e18-89a6-9d18158cfb71,health.review,premium,3450,116,high,low,6,namesilo,,,07/10/2026 05:06
fa4733f3-4bfb-4827-bf6f-c7f50e62cdf3,health.moe,premium,96,14.16,high,low,6,namesilo,,,07/10/2026 05:06
30232ce7-8b8a-4963-9307-ed418064828a,health.ltda,premium,56.64,33.04,high,low,6,namesilo,,,07/10/2026 05:06
89a74b61-9e1d-421d-a68b-340d1f90fdd5,fitness.zip,premium,999.2,1034.17,high,medium,7,unstoppable,,,07/10/2026 08:30
a9b15ce2-c420-408c-8c7b-4080784e1c57,health.fan,premium,207.2,207.2,high,low,6,spaceship,,,07/10/2026 05:06
eccedaa7-7f72-4ea2-b93e-3ee6c7ab5015,fitness.llc,premium,258.95,258.95,high,medium,7,spaceship,,,07/10/2026 08:30
db338460-02ae-4d7c-b868-58ad2e3b0dd7,fitness.technology,resell,,,high,medium,7,"NameCheap, Inc.",19/02/2014 21:27,19/02/2027 21:27,07/10/2026 08:30
47bb32be-6b6d-483e-a626-b1da712ee04d,fitness.law,available,83,83,high,medium,7,spaceship,,,07/10/2026 08:30
87127d27-3f68-42d2-960a-bd152f006419,fitness.florist,available,32.99,32.99,high,medium,7,namesilo,,,07/10/2026 08:30
7225c1bc-0369-4936-a11b-c9fe379214b3,health.theatre,available,465.95,500.18,high,low,6,spaceship,,,07/10/2026 05:06
a1733c19-35bd-4379-9d4f-2199ebe9437d,health.lease,premium,118.8,118.8,high,low,6,namesilo,,,07/10/2026 05:06
7c2e7497-3b29-489d-931d-58babff06908,health.industries,premium,414.2,414.2,high,low,6,spaceship,,,07/10/2026 05:06
c30e0a3a-bf67-4e56-b8f5-b64c977cc005,fitness.mortgage,premium,207.2,207.2,high,medium,7,spaceship,,,07/10/2026 08:30
caf5d8ee-50ee-4563-8985-85ce47547b7b,fitness.insure,available,5.57,66.56,high,medium,7,dynadot,,,07/10/2026 08:30
ccafa5c4-89cd-41fb-b742-fb13b5dacf9c,health.audio,available,100.2,100.2,high,low,6,cloudflare,,,07/10/2026 05:06
54135b1c-6f47-43d5-bdc2-f734d8f6124f,exercise.vet,available,32.2,32.2,high,low,8,cloudflare,,,07/10/2026 08:26
55671ec4-f785-40c7-8632-6aa7fad74de4,health.website,premium,3450,3450,high,low,6,namesilo,,,07/10/2026 05:06
531c9ade-bfa8-451a-ab80-b1b469df1c2c,health.press,premium,6900,6900,high,low,6,namesilo,,,07/10/2026 05:06
59753a26-309b-45bc-b80c-774b09af408b,fitness.cfd,resell,,,high,medium,7,Dynadot Inc,22/04/2021 04:45,22/04/2028 23:59,07/10/2026 08:30
655dd9b9-8141-4c0e-89c9-533ac77fa27b,health.tienda,available,59.99,59.99,high,low,6,namesilo,,,07/10/2026 05:06
a12a9952-d8d7-4777-8e70-61856250c36a,exercise.institute,available,9.99,27.49,high,low,8,namesilo,,,07/10/2026 08:26
17d0da9c-7bf3-4f83-9649-00acb6a18e14,fitness.horse,premium,83,26.08,high,medium,7,spaceship,,,07/10/2026 08:30
d5c0504d-ba90-4202-b965-42e81f2b902e,health.villas,premium,414.2,414.2,high,low,6,spaceship,,,07/10/2026 05:06
55c8e9f4-bfb2-4c91-a9da-6723b9e4fa8f,health.tools,resell,,,high,low,6,Dynadot Inc,25/10/2021 13:12,25/10/2027 13:12,07/10/2026 05:06
83b14817-c491-4557-b3e3-99fc5bb3e331,health.forsale,premium,,,high,low,6,,,,07/10/2026 05:06
45f1076a-861e-4288-9a28-e9c65686c628,health.now,resell,,,high,low,6,"Spaceship, Inc.",03/10/2024 13:41,03/10/2027 13:41,07/10/2026 05:06
b00b2407-e983-46a5-aa3c-b624f4bc2b23,health.taxi,resell,,,high,low,6,"Sav.com, LLC - 36",26/12/2025 15:15,26/12/2026 15:15,07/10/2026 05:06
3ce19b96-7522-4234-a78e-45724f5436ae,exercise.run,resell,,,high,low,8,"DNSPod, Inc.",27/06/2019 17:26,27/06/2027 17:26,07/10/2026 08:26
b5f5e476-9dcd-4862-a660-4d7686f187a4,fitness.sucks,premium,2182.75,2182.75,high,medium,7,porkbun,,,07/10/2026 08:30
18ee9dd5-3f3b-47b1-ae9a-2f02819fb06a,health.black,resell,,,high,low,6,Porkbun LLC,22/06/2026 23:44,22/06/2027 23:44,07/10/2026 05:06
cb4791a7-3564-4d5f-b192-872403dda6c0,fitness.prof,premium,1344.67,1344.67,high,medium,7,spaceship,,,07/10/2026 08:30
3722fcd5-8b74-4ee6-8a6f-49e753fe977b,fitness.mobi,resell,,,high,medium,7,Porkbun LLC,06/09/2018 10:14,06/09/2027 10:14,07/10/2026 08:30
d2327730-752f-46f5-a64c-586c07e4d673,health.gift,resell,,,high,low,6,"NameSilo, LLC",15/05/2014 19:57,15/05/2027 19:57,07/10/2026 05:06
73d90de7-3335-498d-a809-1d8c50dc98e7,fitness.airforce,premium,78.54,78.54,high,medium,7,namesilo,,,07/10/2026 08:30
773a2814-de91-4fe6-9ed2-32b1acab0c13,health.dating,available,20,50.2,high,low,6,unstoppable,,,07/10/2026 05:06
65c97f91-1994-4b5e-9816-5d8fd7efa64f,health.mba,resell,,,high,low,6,Alibaba Cloud Computing Ltd. d/b/a HiChina (www.net.cn),04/08/2023 15:15,04/08/2027 15:15,07/10/2026 05:06
bcae498b-d83a-4d79-90be-cc5f9b66c25d,fitness.estate,available,8.24,35.53,high,medium,7,porkbun,,,07/10/2026 08:30
c61a4e53-1bfc-40c3-b661-766064db2b66,health.irish,resell,,,high,low,6,"Sav.com, LLC - 12",18/09/2025 15:16,18/09/2027 15:16,07/10/2026 05:06
886259bb-fa8b-4867-b91d-b85b44b77816,health.lgbt,premium,4140,4140,high,low,6,namesilo,,,07/10/2026 05:06
f867fd2b-5298-4e2a-83bd-e31cc97ecbca,fitness.report,premium,800.5,828.2,high,medium,7,unstoppable,,,07/10/2026 08:30
a14ec82f-15f2-45e9-aef9-683af2fc84da,fitness.website,premium,2587.7,5175.2,high,medium,7,spaceship,,,07/10/2026 08:30
e3b4c125-4c90-49f0-ae68-acff30e36c00,health.top,premium,532.99,532.99,high,low,6,namesilo,,,07/10/2026 05:06
b6f22861-12fc-43a1-b288-01e81547344d,health.furniture,available,23.98,127.98,high,low,6,namecheap,,,07/10/2026 05:06
8b8bbe60-70fa-4cfc-a116-0c375a631163,fitness.cool,premium,109.53,218.86,high,medium,7,porkbun,,,07/10/2026 08:30
284e26fb-d09d-4107-9092-1d8813469ff2,fitness.creditcard,available,144.99,144.99,high,medium,7,namesilo,,,07/10/2026 08:30
ccfe2c8d-3355-4538-8e02-dd430981bd14,fitness.talk,premium,517.7,517.7,high,medium,7,spaceship,,,07/10/2026 08:30
9342ac9a-7c65-4d5d-8db9-7bdbfac8f3d5,fitness.markets,premium,200.5,260,high,medium,7,unstoppable,,,07/10/2026 08:30
544113e2-ee2b-468e-b8ef-c8a02b74ef19,health.bike,resell,,,high,low,6,Edomains LLC,01/02/2017 16:55,01/02/2027 16:55,07/10/2026 05:06
9e866299-82cc-40ec-adc9-54c93ce2b089,fitness.accountant,premium,517.7,67.48,high,medium,7,spaceship,,,07/10/2026 08:30
537791f9-ed7b-4c6c-913f-78972fbaf001,fitness.golf,resell,,,high,medium,7,Dynadot Inc,10/06/2026 17:00,10/06/2027 17:00,07/10/2026 08:30
2e7855be-84e7-4bf9-ab59-96b8b07be24f,fitness.surf,premium,414.2,26.08,high,medium,7,spaceship,,,07/10/2026 08:30
19c72074-6964-4a2b-986c-b56e653b6dbe,fitness.cv,premium,1339.98,8.85,high,medium,7,namesilo,,,07/10/2026 08:30
03363ca8-33e2-45ab-83e4-f52180a80bcb,health.link,resell,,,high,low,6,"Spaceship, Inc.",27/07/2017 02:47,27/07/2027 02:47,07/10/2026 05:06
8632e708-81e3-49b5-98e9-cfdb1b18f873,health.airforce,premium,102.67,102.67,high,low,6,spaceship,,,07/10/2026 05:06
cde99edc-d076-4076-a57c-3940e3a84ecb,health.how,premium,,,high,low,6,,,,07/10/2026 05:06
2c2fd79f-cb36-4f51-8506-bbc763815d3e,health.help,resell,,,high,low,6,Dynadot Inc,21/09/2026 08:29,21/09/2027 23:59,07/10/2026 05:06
47b6663e-26c3-49a0-bd70-b07aebb98dc9,fitness.page,premium,1034.17,1034.17,high,medium,7,spaceship,,,07/10/2026 08:30
5f170c5d-ae58-4107-ba16-4f0571fe3525,fitness.link,premium,3622.7,3622.7,high,medium,7,spaceship,,,07/10/2026 08:30
57d7ed36-1c8f-477c-b82b-258706ab9808,fitness.work,premium,1107,11.8,high,medium,7,namesilo,,,07/10/2026 08:30
92772ca5-3f7c-4fd6-8c09-ab92266f3644,health.sh,resell,,,high,low,6,"GoDaddy.com, LLC",24/05/2022 17:16,24/05/2028 17:16,07/10/2026 05:06
212a96fd-d0f6-4943-9a37-8735a08cf289,fitness.wine,available,7.45,47.81,high,medium,7,spaceship,,,07/10/2026 08:30
eba99487-5d2e-49bf-9470-f21d24bf3fbc,health.pictures,resell,,,high,low,6,"Sav.com, LLC - 20",15/12/2025 15:15,15/12/2026 15:15,07/10/2026 05:06
f6ce360f-9304-4557-89a7-24f8a115023d,health.reise,premium,242,242,high,low,6,namesilo,,,07/10/2026 05:06
efdc0316-4333-4f4b-b334-759dce954008,fitness.lgbt,available,14.99,79.99,high,medium,7,namesilo,,,07/10/2026 08:30
bb47f1ba-1224-44f5-8e2c-38a70108848b,fitness.bargains,premium,118.8,118.8,high,medium,7,namesilo,,,07/10/2026 08:30
3380541b-5864-4464-9295-8138561952ea,fitness.free,premium,1100,1100,high,medium,7,dynadot,,,07/10/2026 08:30
4df9205e-da00-4f1b-957a-1b597c52ef42,fitness.cam,resell,,,high,medium,7,"Spaceship, Inc.",14/12/2016 10:00,14/12/2026 23:59,07/10/2026 08:30
cab28823-c4ec-43e2-bc5d-05413b8afe50,exercise.courses,available,2.19,38.99,high,low,8,namesilo,,,07/10/2026 08:26
a131f485-fb21-4328-8865-0a868a068306,fitness.download,premium,116,29.5,high,medium,7,namesilo,,,07/10/2026 08:30
904d0237-9c39-427a-9a47-ca2dc9b5ce7f,exercise.fit,premium,4140.2,26.08,high,low,8,spaceship,,,07/10/2026 08:26
61378208-316b-4e7d-96ec-745fd5c9f3a9,fitness.boutique,resell,,,high,medium,7,Dynadot Inc,29/07/2015 16:00,29/07/2027 16:00,07/10/2026 08:30
e22187f4-aa05-4c13-8bca-789730f35285,fitness.cruises,premium,414.2,414.2,high,medium,7,spaceship,,,07/10/2026 08:30
b93778ef-3e84-4db2-b25a-f6c66abadeb3,health.agency,resell,,,high,low,6,Porkbun LLC,24/06/2025 19:51,24/06/2027 19:51,07/10/2026 05:06
20ad0cd4-d212-4865-a823-50c721b2266d,fitness.forum,premium,103.7,103.7,high,medium,7,spaceship,,,07/10/2026 08:30
e73ee3db-d0d6-4ebd-8770-86bbe0aa5bc6,fitness.uno,premium,5175.2,5175.2,high,medium,7,spaceship,,,07/10/2026 08:30
26d4bc7a-ac26-4756-9abc-f4bba385537c,fitness.singles,resell,,,high,medium,7,"Global Domains International, Inc. DBA DomainCostClub.com",02/01/2022 15:14,02/01/2027 15:14,07/10/2026 08:30
fffa10b6-576d-4369-93ee-59e3af22d360,fitness.family,premium,207.2,207.2,high,medium,7,spaceship,,,07/10/2026 08:30
d140f42a-a4be-4734-aeeb-e255497d915c,health.tel,resell,,,high,low,6,RegistryGate GmbH,16/03/2009 14:01,22/03/2027 23:59,07/10/2026 05:06
6dce7df6-7229-4a8f-ba28-88f181b62fbb,fitness.adult,premium,256.88,256.88,high,medium,7,spaceship,,,07/10/2026 08:30
65aca995-276e-49f6-907c-7d85c77ada85,health.win,resell,,,high,low,6,"Chengdu West Dimension Digital Technology Co., Ltd.",12/05/2016 03:19,11/05/2027 23:59,07/10/2026 05:06
d49fe5b3-9926-4f40-bb4f-546f8644b0fa,health.house,resell,,,high,low,6,"Spaceship, Inc.",08/01/2018 20:33,08/01/2027 20:33,07/10/2026 05:06
360dcaa5-d6ce-48a4-bc58-7679b4e59371,health.bargains,premium,109.53,218.86,high,low,6,porkbun,,,07/10/2026 05:06
a2c6ccae-45d6-4848-8e5d-7abf0d012d93,health.maison,available,57.99,57.99,high,low,6,namesilo,,,07/10/2026 05:06
4d36be98-9459-46c6-99d8-a99d8a51f035,fitness.express,resell,,,high,medium,7,"Spaceship, Inc.",16/07/2015 16:41,16/07/2027 16:41,07/10/2026 08:30
d2d41f55-8bdb-407d-b8b6-26a794755b37,health.plumbing,premium,440,440,high,low,6,dynadot,,,07/10/2026 05:06
f8903e9e-c344-46e7-aad4-5032f51e3a8a,exercise.training,premium,118.8,118.8,high,low,8,namesilo,,,07/10/2026 08:26
d5960061-2c2b-4b83-84b9-dde7b5652fae,health.exposed,premium,220,220,high,low,6,dynadot,,,07/10/2026 05:06
8fd88b77-4bad-438a-994b-6909a2080e04,fitness.earth,premium,153.6,153.6,high,medium,7,namesilo,,,07/10/2026 08:30
cdc06c94-4550-42d6-9a9d-35c67a40f160,exercise.systems,available,18,28.15,high,low,8,unstoppable,,,07/10/2026 08:26
e507db63-fa2c-49b5-bb8d-5e50a6ddba54,exercise.energy,available,5.38,93.35,high,low,8,spaceship,,,07/10/2026 08:26
0aa2002a-fbd5-4393-a4cb-51dc33f5d537,fitness.lifestyle,premium,1449.2,2070.2,high,medium,7,spaceship,,,07/10/2026 08:30
4be338d8-f4ff-46c9-ae25-a85398032d41,fitness.villas,premium,512,512,high,medium,7,namesilo,,,07/10/2026 08:30
9e2ad47b-78a3-4728-9c93-4b3f752010ec,fitness.network,resell,,,high,medium,7,"Spaceship, Inc.",09/12/2014 06:36,09/12/2026 06:36,07/10/2026 08:30
80c5451f-b63a-4b06-87bf-988b7746308f,fitness.charity,premium,242,242,high,medium,7,namesilo,,,07/10/2026 08:30
a622b67c-cb23-4a91-ab8f-679bc48b6848,health.fast,resell,,,high,low,6,"Spaceship, Inc.",06/10/2025 21:42,06/10/2027 21:42,07/10/2026 05:06
77f9d4ae-3408-4b23-8cf4-7bc45e6fb898,health.forex,available,10.92,95.45,high,low,6,dynadot,,,07/10/2026 05:06
92dbb8e8-6970-444a-9d8a-365d19bb63a5,exercise.tennis,available,51.95,51.95,high,low,8,spaceship,,,07/10/2026 08:26
f5766f52-7b8c-472a-8214-1cc14895cf67,fitness.xxx,resell,620,,high,medium,7,"GoDaddy.com, LLC",13/06/2026 07:54,13/06/2027 07:54,07/10/2026 08:30
8c9da001-6a8a-475b-8a35-5344ceb06f55,exercise.contractors,available,28.15,28.15,high,low,8,spaceship,,,07/10/2026 08:26
48a96d86-6d29-48d7-873e-4c435d43c60b,health.flowers,available,64.99,114.99,high,low,6,namesilo,,,07/10/2026 05:06
0ced09e8-281d-42a6-9aeb-63c8cc675bde,health.cx,resell,,,high,low,6,West263 International Limited,05/04/2023 04:25,05/04/2027 04:25,07/10/2026 05:06
e6fda05e-8387-4679-a088-de5ea5e25f9f,health.sex,available,51.95,98.53,high,low,6,spaceship,,,07/10/2026 05:06
2276ce95-693b-4f85-8121-731d2dbb1666,fitness.marketing,resell,,,high,medium,7,"Sav.com, LLC - 24",30/06/2024 15:15,30/06/2027 15:15,07/10/2026 08:30
1b5084bf-054e-4d71-881d-0dc919d73065,fitness.auto,available,2070,2950,high,medium,7,namecheap,,,07/10/2026 08:30
400a1d0a-a30e-4cbc-ac74-cbbb66394713,health.rsvp,premium,1034.17,1034.17,high,low,6,spaceship,,,07/10/2026 05:06
21544024-2e45-4d9a-8918-ff1c24bf2c72,exercise.reisen,available,19.48,19.48,high,low,8,dynadot,,,07/10/2026 08:26
902ec698-0ca3-4e56-a169-a5deebeaf234,exercise.eco,available,72.98,101.98,high,low,8,namecheap,,,07/10/2026 08:26
76e1d735-80ac-4861-9d65-cf0ff02730ab,fitness.shiksha,premium,621.2,621.2,high,medium,7,spaceship,,,07/10/2026 08:30
b6ceeb5d-275a-42fa-968e-678a76c8221b,exercise.boston,premium,96,21.24,high,low,8,namesilo,,,07/10/2026 08:26
c61585fc-4020-48bb-b4f2-4c7fb5ec92d9,fitness.juegos,available,368.98,478.98,high,medium,7,namecheap,,,07/10/2026 08:30
6c3825fa-db58-42d2-8329-4c0d66315f3b,exercise.ag,available,89.99,79.99,high,low,8,namesilo,,,07/10/2026 08:26
ecaf8ccb-1e55-44c7-803f-578f25e4ccc0,exercise.horse,available,26.08,26.08,high,low,8,spaceship,,,07/10/2026 08:26
252885c5-fa44-44c2-9707-c6db943a51f5,health.limo,available,57.98,68.98,high,low,6,namecheap,,,07/10/2026 05:06
42d127d1-3053-46db-afe9-bcbac7c144b0,health.sexy,available,2587.7,2587.7,high,low,6,spaceship,,,07/10/2026 05:06
e0cdba11-7902-417a-8834-f29486e34564,fitness.nyc,premium,3450,29.5,high,medium,7,namesilo,,,07/10/2026 08:30
857c860d-279b-4225-b1de-f424a467667d,health.hockey,available,59.99,59.99,high,low,6,namesilo,,,07/10/2026 05:06
dc3b1ed0-ea29-4f8d-b624-26159469bd37,fitness.enterprises,available,8.48,28.15,high,medium,7,spaceship,,,07/10/2026 08:30
b8b05d32-4650-4c51-a459-989c6002e89d,fitness.software,premium,768,768,high,medium,7,namesilo,,,07/10/2026 08:30
1fffb9f9-56be-4a00-b58c-fd878041d371,health.capital,resell,,,high,low,6,Dynadot Inc,02/09/2015 16:00,02/09/2027 16:00,07/10/2026 05:06
a4b27113-1971-4720-a0c8-dba4f9dbe697,health.srl,premium,54.28,30.68,high,low,6,namesilo,,,07/10/2026 05:06
4530eeaa-1b64-4401-a06f-fbdc19addb49,exercise.cricket,available,20.18,20.18,high,low,8,cloudflare,,,07/10/2026 08:26
3e2f04c8-c331-444c-b5a8-f58b8178d866,health.work,resell,,,high,low,6,GoDaddy Online Services Cayman Islands Ltd.,16/10/2017 12:12,16/10/2035 12:12,07/10/2026 05:06
c9071c44-a958-4caa-a018-38e55df51f78,exercise.auction,available,29.18,29.18,high,low,8,spaceship,,,07/10/2026 08:26
0e3b439f-d9ae-47db-ac82-2971b51dbabd,exercise.city,available,7.25,28.49,high,low,8,namesilo,,,07/10/2026 08:26
2e75f965-f11f-4d1c-901b-cd8186492ceb,health.coffee,resell,,,high,low,6,Edomains LLC,25/06/2023 15:15,25/06/2027 15:15,07/10/2026 05:06
39f34657-11ec-42b6-9982-2907ac30d065,fitness.shopping,resell,,,high,medium,7,united-domains GmbH,28/09/2016 16:00,28/09/2027 16:00,07/10/2026 08:30
05d002e4-a98b-4b30-a1ef-1ab4363fcadf,exercise.country,available,2064.2,2064.2,high,low,8,spaceship,,,07/10/2026 08:26
7b7c02d9-fe19-4b6c-bb74-70f6e133b16a,fitness.forex,available,10.92,95.45,high,medium,7,dynadot,,,07/10/2026 08:30
0d6c5592-994a-4746-a9c7-1a4a8e12b3eb,exercise.lighting,available,23.99,23.99,high,low,8,namesilo,,,07/10/2026 08:26
5a7b68ea-4afc-40b7-b60c-918cb9a513e1,fitness.nexus,premium,1034.17,1034.17,high,medium,7,spaceship,,,07/10/2026 08:30
06ac17d7-6fa8-459f-a4cd-01f870815820,fitness.tienda,premium,512,512,high,medium,7,namesilo,,,07/10/2026 08:30
278451e5-9428-48eb-8ea0-602341f12e05,exercise.watch,premium,102.67,102.67,high,low,8,spaceship,,,07/10/2026 08:26
7338c953-0519-4d16-b98d-ed61aad8cb71,fitness.phd,premium,1688.7,1688.7,high,medium,7,namecheap,,,07/10/2026 08:30
88e41a61-f8c9-4348-b69e-9f54a96df90f,exercise.homes,available,1.99,17.29,high,low,8,namesilo,,,07/10/2026 08:26
ec504dc5-5e5f-489e-b043-fd33156e861a,health.health,resell,,,high,low,6,DotHealth LLC,30/07/2024 16:09,30/07/2027 16:09,07/10/2026 05:06
e4772899-09a6-4377-b472-a587d0bbafca,exercise.immo,available,34.99,34.99,high,low,8,namesilo,,,07/10/2026 08:26
fd9c2482-becc-43d2-9dca-15847a9d9951,exercise.photo,premium,116,116,high,low,8,namesilo,,,07/10/2026 08:26
2bd06876-f3db-4cef-a3bd-609b1841026e,health.page,premium,1298.7,1298.7,high,low,6,namecheap,,,07/10/2026 05:06
93caf68b-411d-48ef-b3b6-867c2420e702,health.auction,premium,1107,1107,high,low,6,namesilo,,,07/10/2026 05:06
81a50238-50bf-4398-9d7c-643c33347bad,health.melbourne,available,58,58,high,low,6,namesilo,,,07/10/2026 05:06
70321cd3-1869-4397-87eb-890d804454b8,fitness.paris,premium,309.46,309.46,high,medium,7,dynadot,,,07/10/2026 08:30
838ce40c-def0-4e79-863a-4ddfcfec7228,exercise.zip,premium,167.7,167.7,high,low,8,namecheap,,,07/10/2026 08:26
2f08a12e-2dfb-4ac8-9459-3bb216f50fda,fitness.sydney,premium,84.5,84.5,high,medium,7,porkbun,,,07/10/2026 08:30
038721c2-5f4a-486b-94c7-091fd3dba01f,fitness.expert,premium,828.2,828.2,high,medium,7,spaceship,,,07/10/2026 08:30
e2de2138-b3d5-46ca-bc11-62758485f395,health.loan,premium,6900,116,high,low,6,namesilo,,,07/10/2026 05:06
dd6f1d71-f0ce-4021-952b-c4baa966cecc,exercise.technology,available,12.99,28.49,high,low,8,namesilo,,,07/10/2026 08:26
97a10c1c-39aa-42b9-8f72-55c5e79b0ae3,exercise.date,premium,384,116,high,low,8,namesilo,,,07/10/2026 08:26
dbc06152-26b3-414b-bd25-1de0cfef7d6c,exercise.rip,available,24.5,18.83,high,low,8,unstoppable,,,07/10/2026 08:26
718c17e4-f27b-46f2-a520-61714e600811,health.bz,resell,,,high,low,6,"GoDaddy.com, LLC",12/09/2022 01:08,12/09/2027 01:08,07/10/2026 05:06
b0b8501d-2d20-4fd4-af13-cf1322097120,fitness.football,premium,118.8,118.8,high,medium,7,namesilo,,,07/10/2026 08:30
f05a28b6-b4a0-41f9-8889-9d7cd4ca7876,fitness.foo,premium,1034.17,1034.17,high,medium,7,spaceship,,,07/10/2026 08:30
1d11bfe0-246f-4efa-b051-a10be22d9a14,exercise.desi,available,19.98,22.98,high,low,8,namecheap,,,01/10/2026 02:39
cb718bdc-0b47-44f3-bb22-019b49131fc6,exercise.wiki,premium,302.5,302.5,high,low,8,namesilo,,,07/10/2026 08:26
721b7fb2-d05c-480f-a483-4437939d74e8,fitness.global,premium,5520,53.92,high,medium,7,namesilo,,,07/10/2026 08:30
87c0256d-22f4-452c-a27e-553c39be35e7,fitness.solar,available,64.99,64.99,high,medium,7,namesilo,,,07/10/2026 08:30
ef85acc2-652a-404a-aeef-43e802aea447,health.accountant,premium,385,55,high,low,6,dynadot,,,07/10/2026 05:06
1ae0d89d-4628-416c-9a3f-4f8d4233bdbe,exercise.catering,available,38.99,38.99,high,low,8,namesilo,,,07/10/2026 08:26
8db1812e-30b4-450f-a7e4-1620533ad24f,health.party,resell,,,high,low,6,Dynadot Inc,24/07/2026 14:38,24/07/2027 14:38,07/10/2026 05:06
23d536d4-c645-4b11-8c7e-6b27a329ad35,health.engineer,premium,1107,1107,high,low,6,namesilo,,,07/10/2026 05:06
bb2908a1-e36f-4f9e-a8b8-3fa13d52adfd,exercise.uk,resell,,,high,low,8,Mr Chris Vaughan,02/07/2019 13:00,02/07/2027 13:00,07/10/2026 08:26
7d3754a7-2243-4076-bec4-b8c0ce37fac5,exercise.gift,available,14.99,14.99,high,low,8,namesilo,,,07/10/2026 08:26
e04a8117-b4b6-42b1-8227-0b68d5aae4ab,health.credit,resell,,,high,low,6,Dynadot Inc,19/05/2024 15:15,19/05/2027 15:15,07/10/2026 05:06
c3e8c66f-d562-4822-9214-bc9c95960360,health.motorcycles,premium,2660,2660,high,low,6,namesilo,,,07/10/2026 05:06
156749d3-5c41-42d3-8c1c-0abe15faee40,exercise.lease,available,8.24,46.23,high,low,8,dynadot,,,07/10/2026 08:26
d8a97477-a675-4d9f-9c47-ec76123d45b3,fitness.soy,premium,516.67,516.67,high,medium,7,spaceship,,,07/10/2026 08:30
90711469-a70e-49ec-973e-f8acf6079cb8,health.cfd,premium,330,660,high,low,6,dynadot,,,07/10/2026 05:06
59d9f958-4c44-4766-8a54-1202aa0316b3,health.tennis,available,51.95,51.95,high,low,6,spaceship,,,07/10/2026 05:06
91d81dbb-8baf-4343-92e2-16c4aa4ba210,fitness.lol,premium,832,832,high,medium,7,namesilo,,,07/10/2026 08:30
2c9f580e-2613-4157-bd19-b7a54665a9e4,fitness.theater,available,50.2,50.2,high,medium,7,cloudflare,,,07/10/2026 08:30
8db6f150-954c-48b6-a860-bb62b3909eaa,fitness.design,premium,832,832,high,medium,7,namesilo,,,07/10/2026 08:30
b0240a50-79df-4f3e-b02a-358bd7f382ad,fitness.domains,premium,512,512,high,medium,7,namesilo,,,07/10/2026 08:30
7c30f0d4-0dcc-4c8e-9694-d226d8ba31ec,fitness.delivery,premium,242,242,high,medium,7,namesilo,,,07/10/2026 08:30
aa2be879-041e-475d-b580-6afbad095f88,fitness.hosting,available,279.65,341.75,high,medium,7,spaceship,,,07/10/2026 08:30
9a4f651e-f0cf-4db9-8923-d0b20e3dd919,exercise.voyage,available,58.99,58.99,high,low,8,namesilo,,,07/10/2026 08:26
d17ab246-0dde-458f-8afc-10e16238282d,fitness.digital,resell,,,high,medium,7,"GoDaddy.com, LLC",05/07/2016 21:26,05/07/2027 21:26,07/10/2026 08:30
5ad93cba-adfb-4c3e-ad55-d3ab7da08f58,health.date,premium,310.7,51.95,high,low,6,spaceship,,,07/10/2026 05:06
a9cf0882-d495-47f2-b7c5-c7877585dd2b,health.locker,premium,5175.2,31.25,high,low,6,spaceship,,,07/10/2026 05:06
49fc4e5a-9801-43bd-958c-c145ca5c71aa,health.software,premium,2750,2750,high,low,6,dynadot,,,07/10/2026 05:06
39c27d97-be80-4e88-b2b4-fb9e5b31d94d,exercise.engineering,available,16,51.95,high,low,8,unstoppable,,,07/10/2026 08:26
c3de2c99-3037-4a61-a9e0-2675d4446aec,fitness.ing,premium,1300.2,1690,high,medium,7,unstoppable,,,07/10/2026 08:30
d0f19a9f-6635-4c35-bc42-acbf1e103e59,fitness.rest,premium,819,1170,high,medium,7,namecheap,,,07/10/2026 08:30
44e459ec-316c-4164-a0e6-4b76cc83e746,health.apartments,resell,,,high,low,6,"Sav.com, LLC - 14",16/12/2025 15:15,16/12/2026 15:15,07/10/2026 05:06
440cb6d8-5405-4cbb-a6f9-466d46663024,fitness.fashion,premium,207.2,26.08,high,medium,7,spaceship,,,07/10/2026 08:30
738f21e3-82c0-43b1-b79a-827eabcb7994,exercise.degree,available,40.2,40.2,high,low,8,cloudflare,,,07/10/2026 08:26
6c3e485e-fa9f-4ffd-be22-350bfc56e7a1,exercise.bar,premium,326.23,465.95,high,low,8,spaceship,,,07/10/2026 08:26
7e1268c4-ab71-4d5b-afc2-6137ffb4ddc1,exercise.photos,available,7.96,24.01,high,low,8,spaceship,,,07/10/2026 08:26
cfa71255-9310-4b00-bb8f-94794077b087,fitness.fyi,resell,,,high,medium,7,"Blue Razor Domains, LLC",02/09/2015 16:00,02/09/2027 16:00,07/10/2026 08:30
5365d8c6-93e1-47a1-b3a0-90c3d31d2d6e,exercise.pictures,available,12.62,12.62,high,low,8,spaceship,,,07/10/2026 08:26
7f003e11-3578-4ae3-8e74-22a868f0f420,health.marketing,resell,,,high,low,6,Dynadot Inc,24/06/2020 13:24,24/06/2027 13:24,07/10/2026 05:06
48f53371-6e6b-4c43-98d4-c238b0be9054,health.schule,available,10.92,26.97,high,low,6,dynadot,,,07/10/2026 05:06
b0c22400-2c1e-4b18-8480-6e37bc22f384,exercise.contact,available,14.99,14.99,high,low,8,namesilo,,,07/10/2026 08:26
804677cb-3b0a-41f9-a9f7-3e3d6eef37c3,exercise.news,premium,260,520,high,low,8,namecheap,,,07/10/2026 08:26
8587b989-d6e5-48e4-a250-ecf5874f0b17,exercise.boo,premium,167.7,167.7,high,low,8,namecheap,,,07/10/2026 08:26
72dcd5ea-b852-4dfd-984d-d391c5d17625,exercise.games,premium,242,242,high,low,8,namesilo,,,07/10/2026 08:26
01d7b77c-f91a-481f-b85f-515c0a2d882f,fitness.diy,premium,1820,2600,high,medium,7,namecheap,,,07/10/2026 08:30
f0b0e271-9596-46f5-b065-edb63845faef,fitness.claims,available,10.55,51.95,high,medium,7,spaceship,,,07/10/2026 08:30
b312a331-d582-4ca2-9794-d6acfb500ff7,exercise.jewelry,available,50.2,50.2,high,low,8,cloudflare,,,07/10/2026 08:26
624da94f-af84-4988-a536-29848ab903cb,fitness.fishing,premium,52,32.5,high,medium,7,namecheap,,,07/10/2026 08:30
673c2585-d020-4b40-9223-6f574ceaad30,exercise.kitchen,available,8.98,93.98,high,low,8,namecheap,,,07/10/2026 08:26
757f31e8-4b99-4358-a30e-3f9d1cea1543,exercise.furniture,available,27.99,94.99,high,low,8,namesilo,,,07/10/2026 08:26
65533e07-6075-46a2-94dd-2aff89cd546a,fitness.stream,premium,5175.2,103.7,high,medium,7,spaceship,,,07/10/2026 08:30
f16c802f-a4ec-4490-b435-696f6970b878,fitness.protection,available,2140.22,2140.22,high,medium,7,dynadot,,,07/10/2026 08:30
d5ea1dae-9470-4efb-b4a6-3aec682476db,fitness.exchange,premium,68.51,68.51,high,medium,7,spaceship,,,07/10/2026 08:30
3070cc30-816c-4d8d-96f9-740913b0f159,fitness.ai,resell,,,high,medium,7,"Spaceship, Inc.",20/04/2018 16:02,20/04/2028 16:02,07/10/2026 08:30
63b48419-042b-4144-b793-7834893f9de9,fitness.makeup,premium,832,832,high,medium,7,namesilo,,,07/10/2026 08:30
ffc4dcae-b19f-40a7-90fe-a8ddca12756f,fitness.club,resell,,,high,medium,7,"GoDaddy.com, LLC",22/01/2026 17:00,22/01/2027 17:00,07/10/2026 08:30
25132676-e845-44ca-a289-f12799bd86f3,fitness.center,premium,200.5,207.2,high,medium,7,unstoppable,,,07/10/2026 08:30
d13091b0-34ed-45bb-be05-54009122c3f7,exercise.review,premium,11000,110,high,low,8,dynadot,,,07/10/2026 08:26
84724eed-e139-4179-b810-8566de54dbe9,health.limited,resell,,,high,low,6,"Spaceship, Inc.",13/07/2023 15:15,13/07/2027 15:15,07/10/2026 05:06
3c25d76c-3821-4dd3-89ed-8ca193519a89,exercise.webcam,premium,1107,116,high,low,8,namesilo,,,07/10/2026 08:26
9c3768b0-325b-4498-be07-b12adfde0aaa,exercise.coffee,available,6.41,34.36,high,low,8,spaceship,,,07/10/2026 08:26
79cf04f1-1d18-464f-9e86-c2a49bfc13ff,exercise.christmas,available,1.24,31.16,high,low,8,spaceship,,,07/10/2026 08:26
b018b85a-2a74-4b16-877b-8f7bcb9c91f1,fitness.locker,premium,3433.44,8.8,high,medium,7,namesilo,,,07/10/2026 08:30
c62a6b2f-8881-46f5-9a40-570ff0d08011,health.cars,available,1863.2,2064.2,high,low,6,spaceship,,,07/10/2026 05:06
94b1e925-ad70-4921-80cb-3a10c64e9308,fitness.mov,premium,999.2,1298.7,high,medium,7,unstoppable,,,07/10/2026 08:30
a01240d3-9fd7-4a91-9e06-c6ab6c9dd9de,exercise.international,available,8.48,25.04,high,low,8,spaceship,,,07/10/2026 08:26
c7786f91-6d54-4955-8402-d3b9e9ea7f46,exercise.app,premium,1022.72,1022.72,high,low,8,namesilo,,,07/10/2026 08:26
a4c5afa2-69fd-408e-b091-a89dc6e2c325,fitness.gold,resell,,,high,medium,7,"DNSPod, Inc.",30/03/2019 17:05,30/03/2027 17:05,07/10/2026 08:30
ecd2bcb1-3161-4fc6-bd5f-d618fd06e21d,fitness.reise,available,77.83,77.83,high,medium,7,spaceship,,,07/10/2026 08:30
f7672c69-f7ef-47ce-91bf-bc741a83ea25,exercise.insure,available,58.16,58.16,high,low,8,spaceship,,,07/10/2026 08:26
3b6ae51b-9ad0-40a2-a4b2-bc941b87139b,fitness.moda,premium,854,854,high,medium,7,namesilo,,,07/10/2026 08:30
b0f9cd2b-746d-47af-881d-729081fe485b,health.beer,resell,,,high,low,6,Alibaba Cloud Computing Ltd. d/b/a HiChina (www.net.cn),10/09/2018 12:46,10/09/2027 12:46,07/10/2026 05:06
04a216fc-9149-4a5c-8c78-28afc9650f5c,exercise.camp,premium,108.9,108.9,high,low,8,dynadot,,,07/10/2026 08:26
3bb563c5-eb9f-4193-adca-cb1688a65849,fitness.press,premium,1552.7,3105.2,high,medium,7,spaceship,,,07/10/2026 08:30
5a5f090f-5b63-4a16-8ca1-a89c5d926f60,exercise.rest,available,1.8,41.98,high,low,8,namecheap,,,07/10/2026 08:26
0c9683e6-c1dc-4beb-bf0a-0832aaf134cb,fitness.review,premium,5175.2,103.7,high,medium,7,spaceship,,,07/10/2026 08:30
1e6aa236-6441-4f0b-baef-949dedd84c09,fitness.vacations,premium,207.2,207.2,high,medium,7,spaceship,,,07/10/2026 08:30
4e92d824-0b9f-4b9b-9a0a-8b957fbdecb9,exercise.sale,premium,102.67,102.67,high,low,8,spaceship,,,07/10/2026 08:26
60aa2eff-5da0-4503-84e5-aae43ec75765,fitness.builders,resell,,,high,medium,7,"GoDaddy.com, LLC",26/03/2014 16:00,26/03/2027 16:00,07/10/2026 08:30
8eabf627-24a8-4182-b652-b197c807af36,health.dental,resell,,,high,low,6,"Sav.com, LLC - 41",03/09/2026 15:15,03/09/2027 15:15,07/10/2026 05:06
2b5954ff-e8d9-418c-980e-abb751e5fb0c,exercise.academy,available,17.99,46.99,high,low,8,namesilo,,,07/10/2026 08:26
d4c1dee6-e7ec-4e60-8fb8-fd2acd5a73e6,fitness.science,premium,2750,110,high,medium,7,dynadot,,,07/10/2026 08:30
bcdde617-b634-4cc0-bb3a-763a840fae65,health.kaufen,available,5.57,28.04,high,low,6,dynadot,,,07/10/2026 05:06
981202b4-1deb-4e44-b079-f1ef140dfd8f,exercise.qpon,premium,302.5,23.54,high,low,8,namesilo,,,07/10/2026 08:26
e4e50228-5312-435b-be59-f8516ed7442b,exercise.supplies,premium,242,242,high,low,8,namesilo,,,07/10/2026 08:26
39de80eb-06b8-48b2-aa21-c50b08a5bd14,fitness.vote,available,33,90.99,high,medium,7,unstoppable,,,07/10/2026 08:30
237d85cf-a605-4c21-ab53-d14adcf35f40,exercise.soy,premium,39.2,43.1,high,low,8,unstoppable,,,07/10/2026 08:26
ad75c4ee-c3a1-43a7-baed-68893b3a9f81,fitness.ventures,resell,,,high,medium,7,"Sav.com, LLC - 8",13/09/2025 15:15,13/09/2027 15:15,07/10/2026 08:30
11ce5eb6-5300-4a96-8bf8-84fb58f9569f,fitness.support,premium,99.5,118.8,high,medium,7,unstoppable,,,07/10/2026 08:30
a1ba5dff-3f35-47d9-a0eb-13a4d8a9e1e3,exercise.estate,available,15.99,38.99,high,low,8,namesilo,,,07/10/2026 08:26
ddfd0691-1b1c-4f15-92d3-2c039317a60a,exercise.foo,premium,133.72,133.72,high,low,8,spaceship,,,07/10/2026 08:26
6745bf18-f9a4-4d94-ab88-162dc75127b7,health.makeup,premium,2660,2660,high,low,6,namesilo,,,07/10/2026 05:06
072e6b74-9712-4475-b24e-a4c201b50fbe,fitness.energy,resell,,,high,medium,7,"Sav.com, LLC - 16",21/06/2024 15:15,21/06/2027 15:15,07/10/2026 08:30
a5912d79-36a5-49f0-a062-a763b967dca1,exercise.lat,available,1.99,32.49,high,low,8,namesilo,,,07/10/2026 08:26
07ac048e-3d4b-406c-a023-928a2ec26ba1,exercise.cheap,available,5.38,29.18,high,low,8,spaceship,,,07/10/2026 08:26
522564e4-ac43-4e4d-a0f5-e33f9a7d0025,exercise.paris,available,66.98,66.98,high,low,8,namecheap,,,07/10/2026 08:26
2febaaae-93cf-4266-bf6d-2156ab53505c,fitness.coffee,available,33.2,33.2,high,medium,7,cloudflare,,,07/10/2026 08:30
e3dd113c-5e93-4a1c-ad8f-aae4c4070f45,health.phd,premium,1299.2,1344.67,high,low,6,unstoppable,,,07/10/2026 05:06
94aee816-72f8-467f-801d-6628be905077,exercise.fun,premium,1107,1107,high,low,8,namesilo,,,07/10/2026 08:26
18904b49-3d4d-4052-b440-6146706ec6ac,exercise.dating,premium,118.8,118.8,high,low,8,namesilo,,,07/10/2026 08:26
605027fa-3030-458d-8b1f-d2e693d447af,exercise.sydney,available,58,58,high,low,8,namesilo,,,07/10/2026 08:26
38206470-2210-42e4-98d6-40c837efb204,exercise.hospital,available,45.74,45.74,high,low,8,spaceship,,,07/10/2026 08:26
2fa6b74b-aec8-4c4c-b1d6-c0b040a34a63,health.fans,premium,640,640,high,low,6,namesilo,,,07/10/2026 05:06
6bd42bef-d2dc-4558-bd60-9b50bd6940d5,fitness.navy,available,85.02,85.02,high,medium,7,dynadot,,,07/10/2026 08:30
ff1e7118-67fa-4f18-803b-f3868a42c46a,fitness.holdings,available,64.99,64.99,high,medium,7,namesilo,,,07/10/2026 08:30
9a6db310-77fe-4905-a90b-e28227c458af,health.mortgage,premium,260,260,high,low,6,namecheap,,,07/10/2026 05:06
df37fc62-3e2e-45ff-948a-d07e1752fe82,exercise.onl,premium,53.92,116,high,low,8,namesilo,,,07/10/2026 08:26
5cd4f0b7-9dfa-4c75-a5ae-514e0dcc5b2f,training.airforce,available,83,83,high,low,8,spaceship,,,07/10/2026 11:56
126b99e9-7a39-4ef6-9193-20bce6c6a716,exercise.organic,available,66.2,66.2,high,low,8,cloudflare,,,07/10/2026 08:26
54c3792e-8699-4d84-8d95-35f8f9f5a823,health.dad,premium,1298.7,1298.7,high,low,6,namecheap,,,07/10/2026 05:06
3ece6f73-3f6f-4876-ab53-02f08da6acf8,health.charity,premium,207.2,207.2,high,low,6,spaceship,,,07/10/2026 05:06
334a76f3-7d4f-45c6-87e4-f9cff624e674,exercise.properties,available,6.1,35.53,high,low,8,dynadot,,,07/10/2026 08:26
33ed8fd4-060a-46a2-bd19-dc64ff3dafb2,health.builders,resell,,,high,low,6,"Spaceship, Inc.",26/03/2014 16:00,26/03/2027 16:00,07/10/2026 05:06
7f73a946-8fe1-469a-9f4a-ea990ed0429f,health.navy,premium,242,242,high,low,6,namesilo,,,07/10/2026 05:06
dfcd21c0-ad80-485e-9f90-37fb3ddfad7b,fitness.gmbh,available,59.99,59.99,high,medium,7,namesilo,,,07/10/2026 08:30
a1f748d2-722b-4e54-b7e0-f4bb0dd0d46d,exercise.plumbing,available,58.16,58.16,high,low,8,spaceship,,,07/10/2026 08:26
e26730fc-3426-4455-9e0c-764737ca7abf,training.shiksha,premium,621.2,621.2,high,low,8,spaceship,,,07/10/2026 11:56
57c881fa-92f1-46d6-a03d-f649f696ccac,health.watch,resell,,,high,low,6,"GoDaddy.com, LLC",21/07/2015 21:06,21/07/2027 21:06,07/10/2026 05:06
6cb3a6c4-7d9b-48cc-947f-63042ac0594e,exercise.srl,available,31.99,31.99,high,low,8,namesilo,,,07/10/2026 08:26
d84ac3d5-a8b7-4b21-bec7-fd960c8aac3e,fitness.cheap,available,8.99,36.49,high,medium,7,namesilo,,,07/10/2026 08:30
a9997889-35a0-4dfa-937a-546b0ca418cf,health.church,resell,,,high,low,6,"GoDaddy.com, LLC",16/02/2024 09:12,16/02/2027 09:12,07/10/2026 05:06
0b3c2d99-f9ce-4666-b02e-7bec9392227f,exercise.phd,premium,159.2,164.77,high,low,8,unstoppable,,,07/10/2026 08:26
58ff53ea-4dd2-472c-b92a-3353bffdf661,exercise.limited,available,36.99,36.99,high,low,8,namesilo,,,07/10/2026 08:26
88fe2028-2842-4770-9205-b6d4ab2718ec,fitness.cloud,premium,1107,1107,high,medium,7,namesilo,,,07/10/2026 08:30
1a2e88db-bec3-4444-81cf-9c18e83b6601,health.family,premium,414.2,414.2,high,low,6,spaceship,,,07/10/2026 05:06
2815a960-1a41-420e-8b64-7112d0e28a63,health.place,resell,,,high,low,6,1API GmbH,21/09/2014 16:00,21/09/2027 16:00,07/10/2026 05:06
6644b71a-4fd9-428f-8c2b-d408db93f874,fitness.hiv,available,195.99,195.99,high,medium,7,namesilo,,,07/10/2026 08:30
eee68dfa-c803-4a24-9e79-f18ecede95d4,fitness.fail,premium,102.67,102.67,high,medium,7,spaceship,,,07/10/2026 08:30
e34d783f-d0e8-44fd-ab83-50e74140a1a2,fitness.supply,premium,78.54,78.54,high,medium,7,namesilo,,,07/10/2026 08:30
868fcb9a-6bd9-4fd3-9d57-2d1a8a527346,fitness.actor,available,8.48,35.39,high,medium,7,spaceship,,,07/10/2026 08:30
f7377eb1-4509-435f-ae7b-30ef818019b3,health.consulting,premium,,,high,low,6,,,,07/10/2026 05:06
8644fc57-3c25-48ad-b782-cefd893414e3,health.pub,premium,1650,1650,high,low,6,dynadot,,,07/10/2026 05:06
58b9ab59-4841-4f33-a0ab-7c68bcb86315,exercise.cooking,available,25.2,25.2,high,low,8,cloudflare,,,07/10/2026 08:26
cdb0a7a5-62af-4622-a6d8-9671dec46e5a,health.rehab,premium,242,242,high,low,6,namesilo,,,07/10/2026 05:06
feeae056-e3cb-4c4e-8bfe-bce4a99ff52c,exercise.press,premium,258.95,517.7,high,low,8,spaceship,,,07/10/2026 08:26
6c5eeb7d-8ead-42da-9b55-2a170a5d1109,exercise.bid,premium,546.35,71.48,high,low,8,porkbun,,,07/10/2026 08:26
a6333611-8474-4838-9468-079014b1cbe8,fitness.cooking,premium,220,26.97,high,medium,7,dynadot,,,07/10/2026 08:30
2e361ed9-2eff-4dc6-89d1-0f21f522191e,exercise.melbourne,available,58,58,high,low,8,namesilo,,,07/10/2026 08:26
457d6517-8166-46b9-9dc7-c9da443335aa,fitness.guitars,available,93.35,103.4,high,medium,7,spaceship,,,07/10/2026 08:30
f89b19f1-6ab5-4e50-8d3a-ba40fe4a6fba,exercise.pub,available,39.99,39.99,high,low,8,namesilo,,,07/10/2026 08:26
0b17cf73-59a7-44b6-80e5-4d140fe953a1,exercise.audio,available,93.35,103.4,high,low,8,spaceship,,,07/10/2026 08:26
e56f8028-a9c0-4a11-b159-3864dfaa2544,fitness.soccer,available,10.92,23.76,high,medium,7,dynadot,,,07/10/2026 08:30
a8d1b506-43e2-448c-b4c9-b96d46a20ac3,exercise.dance,premium,99.5,128.7,high,low,8,unstoppable,,,07/10/2026 08:26
500f9cce-889d-4c7c-8b8f-a8eff2ae965a,fitness.deal,premium,550,550,high,medium,7,dynadot,,,07/10/2026 08:30
76b4343e-6f0f-455e-a829-36978e0f08b3,fitness.rip,resell,,,high,medium,7,"NameSilo, LLC",03/07/2020 11:22,03/07/2027 11:22,07/10/2026 08:30
800c0bfb-fed4-4b0d-a3f3-d8420515994c,exercise.jetzt,available,23.99,23.99,high,low,8,namesilo,,,07/10/2026 08:26
a7de2d65-f700-4fa5-80a0-31735636f5c4,fitness.yoga,resell,,,high,medium,7,"Spaceship, Inc.",23/04/2021 16:00,23/04/2027 16:00,07/10/2026 08:30
eb6e976c-529c-4e65-b9fb-5f580bcdaaab,health.domains,premium,207.2,207.2,high,low,6,spaceship,,,07/10/2026 05:06
e1ad6fa6-7f1c-4f6f-a9eb-2b889a03248f,fitness.archi,available,13.14,83,high,medium,7,spaceship,,,07/10/2026 08:30
03499685-718e-4466-bf31-c8fbb251127a,fitness.properties,premium,207.2,207.2,high,medium,7,spaceship,,,07/10/2026 08:30
168dafe6-8c1a-452b-beb1-229b84e32598,health.webcam,premium,640,77.35,high,low,6,namesilo,,,07/10/2026 05:06
78d94ec5-5613-4c2f-9af4-073cb2e4c601,health.pink,premium,1107,1107,high,low,6,namesilo,,,07/10/2026 05:06
1d5ee179-1d9f-4cda-a312-80ca7775278c,exercise.productions,available,10.99,40.49,high,low,8,namesilo,,,07/10/2026 08:26
477e0b99-d4e5-4f72-a927-b75564acb4b6,health.surgery,premium,242,242,high,low,6,namesilo,,,07/10/2026 05:06
102f6057-88d5-45fa-9ef1-4e7850b51440,fitness.moi,premium,546.35,546.35,high,medium,7,porkbun,,,07/10/2026 08:30
6cff1c19-12fd-4c3a-aba3-e5f4d0d6b8a5,exercise.cars,available,1863.2,2064.2,high,low,8,spaceship,,,07/10/2026 08:26
3fc182c7-064f-4160-956f-d1f2c3374c11,exercise.shoes,available,64.99,64.99,high,low,8,namesilo,,,07/10/2026 08:26
09572fc2-d055-4c8d-ab7e-8dc715c05964,fitness.broker,available,28.2,28.2,high,medium,7,cloudflare,,,07/10/2026 08:30
0e3ebc8a-3ed3-44b7-ab80-e6ac2787b89c,fitness.limo,available,43.67,43.67,high,medium,7,spaceship,,,07/10/2026 08:30
76afb41c-6f70-4ad0-b174-96207381a3b4,exercise.vision,available,45.99,45.99,high,low,8,namesilo,,,07/10/2026 08:26
9d556f20-4c5e-46c6-94e0-e0dc896ddb9e,health.catering,premium,102.67,102.67,high,low,6,spaceship,,,07/10/2026 05:06
5d564b21-e435-497e-9fc5-3069ca0921bd,exercise.life,resell,,,high,low,8,"Spaceship, Inc.",18/09/2024 15:15,18/09/2027 15:15,07/10/2026 08:26
77f0ec34-2ba5-4382-b60c-8ce6544d06c5,health.cc,resell,,,high,low,6,"NameCheap, Inc.",09/11/1997 05:00,09/11/2030 05:00,07/10/2026 05:06
32832340-8c93-46d7-a456-235bc20ba70a,health.living,premium,640,640,high,low,6,namesilo,,,07/10/2026 05:06
3e3bcc83-fa8f-42d4-9423-bba01cbe05a9,exercise.prof,premium,159.2,174.1,high,low,8,unstoppable,,,07/10/2026 08:26
d22283dc-2668-4796-ba47-984b72e67102,exercise.law,available,95.99,95.99,high,low,8,namesilo,,,07/10/2026 08:26
0282435c-5009-4eb5-9eda-cee0f9d80b89,exercise.pet,premium,1107,1107,high,low,8,namesilo,,,07/10/2026 08:26
169a8461-55e9-404e-89cf-f050f064ae45,fitness.ong,available,15.96,15.96,high,medium,7,porkbun,,,07/10/2026 08:30
118f78d7-3c5a-4eec-bb87-6b41b9090a83,health.events,resell,,,high,low,6,"GoDaddy.com, LLC",29/09/2024 01:23,29/09/2027 01:23,07/10/2026 05:06
5df935bc-2a4a-4254-b88c-cfcaae9a3d80,health.yoga,resell,,,high,low,6,"GoDaddy.com, LLC",26/08/2020 18:59,26/08/2027 18:59,07/10/2026 05:06
a9b25df9-0911-4ab4-b62f-29d27dcf9e55,fitness.tickets,available,360.97,386.71,high,medium,7,porkbun,,,07/10/2026 08:30
84f26a23-c82f-4772-a741-89571fe065e2,exercise.bio,resell,,,high,low,8,"Sav.com, LLC - 36",28/03/2026 15:16,28/03/2027 15:16,07/10/2026 08:26
a7b82990-0eaf-4590-85e3-78102f98f5a4,health.ventures,resell,,,high,low,6,"GoDaddy.com, LLC",05/02/2014 14:47,05/02/2027 14:47,07/10/2026 05:06
92c5af4a-a17c-41ed-beac-62294726c6e2,exercise.apartments,available,57.99,57.99,high,low,8,namesilo,,,07/10/2026 08:26
cfff44f7-9b3f-4d46-8c3c-8464f1573007,training.coach,resell,,,high,low,8,"GoDaddy.com, LLC",08/02/2025 15:15,08/02/2027 15:15,07/10/2026 11:56
a2ee2652-877c-4d3c-a4ba-bd7b0c3289a3,fitness.degree,premium,78,78,high,medium,7,namecheap,,,07/10/2026 08:30
6e1900bb-18a0-40a1-9f3e-4fac5a8ffce9,health.gratis,premium,414.2,414.2,high,low,6,spaceship,,,07/10/2026 05:06
70ed58a9-43e3-4639-b331-0cfd8c301ad8,health.jewelry,available,51.95,51.95,high,low,6,spaceship,,,07/10/2026 05:06
6ecb57fa-7f63-4e69-afbb-58cd601f8ce1,wellness.study,premium,1107,1107,high,medium,8,namesilo,,,05/10/2026 02:58
cc70f323-fe73-4ab5-a983-adb88885c351,health.wedding,premium,41.6,26.08,high,low,6,spaceship,,,07/10/2026 05:06
99272192-04c7-4c14-aaf5-e537328b73ea,exercise.adult,available,51.95,98.53,high,low,8,spaceship,,,07/10/2026 08:26
11cde0c7-727b-4af5-b691-9209fa2e6f0e,exercise.ltd,available,5.57,35.53,high,low,8,dynadot,,,07/10/2026 08:26
74cf3f27-a6e4-4a06-93b9-e36dcad472c8,health.fail,premium,118.8,118.8,high,low,6,namesilo,,,07/10/2026 05:06
bb96fc4a-6ef0-40f3-933b-dab8d0e0b5cd,training.hair,premium,2070.2,2070.2,high,low,8,spaceship,,,07/10/2026 11:56
48bb527d-6c1d-4c0b-bc0d-db62ae946ac7,exercise.software,premium,414.2,414.2,high,low,8,spaceship,,,07/10/2026 08:26
4bc4e087-94a6-4dd8-b53e-f9b33010756c,exercise.football,available,20.2,20.2,high,low,8,cloudflare,,,07/10/2026 08:26
3f588124-3def-435a-90e6-343d2d5feb83,exercise.loans,available,20.99,116.99,high,low,8,namesilo,,,07/10/2026 08:26
5d960576-2012-4e4d-afbc-578acdee8b9e,fitness.reisen,premium,207.2,207.2,high,medium,7,spaceship,,,07/10/2026 08:30
1391b597-f5e5-4c27-9a5c-3ce29c97e2e2,exercise.cruises,available,56.99,56.99,high,low,8,namesilo,,,07/10/2026 08:26
45d86824-44a7-49f0-bb91-777cc7f43219,health.shopping,premium,102.67,102.67,high,low,6,spaceship,,,07/10/2026 05:06
2f71c554-f97e-45e4-8190-578fad277748,fitness.shoes,premium,72.6,72.6,high,medium,7,dynadot,,,07/10/2026 08:30
05588d56-81d6-4448-a782-1c2ce5bbcdf8,exercise.pro,resell,,,high,low,8,Epik LLC,09/05/2019 10:10,09/05/2027 10:10,07/10/2026 08:26
3ab7406b-eb24-4a2d-ad03-b50a5c8e77f9,exercise.haus,available,14.99,33.99,high,low,8,namesilo,,,07/10/2026 08:26
9e8a1972-75db-4b15-8bd9-04920b522bfd,exercise.protection,available,1999.99,2049.99,high,low,8,namesilo,,,07/10/2026 08:26
0b14b7fa-a416-4ac1-aaa9-94c4895302c1,fitness.jetzt,premium,128.7,128.7,high,medium,7,namecheap,,,07/10/2026 08:30
85256b2d-adc1-442e-bda0-ea6258b4620f,fitness.ninja,premium,36.3,36.3,high,medium,7,dynadot,,,07/10/2026 08:30
49605e52-2113-4669-ab70-81b2f8d11e0c,fitness.group,resell,,,high,medium,7,"Spaceship, Inc.",24/08/2022 13:15,24/08/2027 13:15,07/10/2026 08:30
de543927-6aa8-4eec-a74c-1a7fb555c58c,exercise.lgbt,available,10.55,64.37,high,low,8,spaceship,,,07/10/2026 08:26
6f5b8c08-3c62-4b66-a9cd-4f7b9621827c,health.soccer,available,25.99,25.99,high,low,6,namesilo,,,07/10/2026 05:06
bed18929-b0df-4cab-a792-31f2cd5893ad,health.college,premium,10917.11,10917.11,high,low,6,porkbun,,,07/10/2026 05:06
d83cefb2-f00e-47d0-ab91-d426e67f0795,fitness.viajes,premium,102.67,102.67,high,medium,7,spaceship,,,07/10/2026 08:30
2eee2e26-1301-4a4b-a816-951e33975df3,health.pizza,resell,,,high,low,6,"Spaceship, Inc.",31/05/2026 19:06,31/05/2027 19:06,07/10/2026 05:06
37c17b72-583f-4017-a876-2324eb2af7c0,fitness.date,premium,384,53.92,high,medium,7,namesilo,,,07/10/2026 08:30
6719a154-f72e-4f7a-95d0-4a33d82d62ae,exercise.locker,premium,318.46,8.8,high,low,8,namesilo,,,07/10/2026 08:26
a955e6bc-7063-4a9b-a613-8847f1275a61,exercise.realty,available,96.52,299.82,high,low,8,dynadot,,,07/10/2026 08:26
f302b891-6dba-4448-addd-c08fe501d91b,health.singles,available,3.31,27.11,high,low,6,spaceship,,,07/10/2026 05:06
5c07bb4b-a972-4800-8b9d-66609469a8c8,exercise.fund,available,14.99,71.99,high,low,8,namesilo,,,07/10/2026 08:26
ed2f3d8c-1873-4873-bafb-ce98d593ac1e,exercise.ngo,premium,65,32.5,high,low,8,namecheap,,,07/10/2026 08:26
24041d0f-08ed-4600-aff7-eee84d7280fe,health.memorial,available,134.99,134.99,high,low,6,namesilo,,,07/10/2026 05:06
5a837576-30fe-4a53-83ab-d69b6d1a18b5,exercise.icu,premium,68.43,147.2,high,low,8,namesilo,,,07/10/2026 08:26
a1e6eb2b-1e08-41a8-8ad4-30086d089a24,training.technology,resell,,,high,low,8,"GoDaddy.com, LLC",08/07/2015 18:51,08/07/2027 18:51,07/10/2026 11:56
78ed9343-9d2e-4b94-84cc-ac0ed207fc3a,exercise.tienda,available,47.81,47.81,high,low,8,spaceship,,,07/10/2026 08:26
668bd9f6-c3cb-43ed-8920-c07a1689edd3,health.wiki,premium,1457.5,1457.5,high,low,6,dynadot,,,07/10/2026 05:06
5b0fb23a-d49f-42b8-ae9d-79542952fa49,exercise.republican,available,5.98,8.48,high,low,8,namecheap,,,07/10/2026 08:26
1a15c4af-f0fc-44d2-a497-0ccc869b8f9c,fitness.gives,available,21.7,21.7,high,medium,7,cloudflare,,,07/10/2026 08:30
3629e04e-479a-49b6-9096-223d02a74fdc,fitness.mobile,premium,328.02,328.02,high,medium,7,porkbun,,,07/10/2026 08:30
1e0e551b-0c90-4b1f-a6e2-f835b19befee,health.degree,premium,220,220,high,low,6,dynadot,,,07/10/2026 05:06
7bf5d5c4-b27c-4142-9f57-6887ce5a7cbc,exercise.porn,available,53.72,101.87,high,low,8,dynadot,,,07/10/2026 08:26
59825496-5344-4413-b835-15350f45912a,health.trading,resell,,,high,low,6,"Spaceship, Inc.",04/05/2022 03:16,04/05/2027 03:16,07/10/2026 05:06
4326a3ab-8198-4117-8970-1ac6691f3876,fitness.luxe,resell,,,high,medium,7,"GoDaddy.com, LLC",05/05/2021 12:52,05/05/2027 12:52,07/10/2026 08:30
172cd597-fa0c-4414-ad63-01c0903dd09a,fitness.win,premium,362.45,51.95,high,medium,7,spaceship,,,07/10/2026 08:30
31888faf-8bae-474f-82c1-925be09c2d9a,training.pro,resell,9459.9,33.99,high,low,8,Porkbun LLC,02/03/2005 00:00,02/03/2027 00:00,07/10/2026 11:56
a6fdeb3e-068c-4903-bf46-b127afa56bcf,exercise.nexus,premium,129.2,167.7,high,low,8,unstoppable,,,07/10/2026 08:26
edbd8ba6-6c8c-4168-9457-c35ddeb8d517,exercise.church,available,6.64,53.72,high,low,8,dynadot,,,07/10/2026 08:26
64a14c57-feec-4b3f-af2a-b9ac289bcd9e,health.icu,resell,,,high,low,6,"Spaceship, Inc.",31/05/2018 01:23,31/05/2027 23:59,07/10/2026 05:06
9275abfc-384a-4f4f-bbe3-781de3e97d9a,training.country,available,2064.2,2064.2,high,low,8,spaceship,,,07/10/2026 11:56
bbae4b7e-17ea-4283-b8ba-f505d99d2b0b,fitness.diamonds,available,57.98,72.98,high,medium,7,namecheap,,,07/10/2026 08:30
726a7d7d-fb74-4198-9222-ac0e40816582,exercise.vin,available,6.41,47.81,high,low,8,spaceship,,,07/10/2026 08:26
85a1a5de-d9a9-4670-bcd1-7180b9089342,exercise.free,premium,110,110,high,low,8,dynadot,,,07/10/2026 08:26
61106ad6-703a-4893-a053-196f840420c6,workout.fitness,premium,207.2,207.2,high,low,7,spaceship,,,02/10/2026 23:14
4d8394e5-aff6-4d7a-8935-e87199a45999,fitness.flights,premium,207.2,207.2,high,medium,7,spaceship,,,07/10/2026 08:30
3083ff46-b140-4753-b995-73b14b89d064,training.house,premium,,,high,low,8,,,,07/10/2026 11:56
ae9891dd-27ba-4522-aca1-65d093fb1a74,exercise.solar,available,64.99,64.99,high,low,8,namesilo,,,07/10/2026 08:26
03f2ab68-eea7-4931-84ca-2b36b9a8bfb8,exercise.works,resell,,,high,low,8,Automattic Inc.,15/07/2021 12:16,15/07/2028 12:16,07/10/2026 08:26
b50122fc-548f-45a8-9b7d-cd20b3a19240,exercise.biz,resell,,,high,low,8,"Spaceship, Inc.",27/03/2002 02:05,26/03/2027 23:59,07/10/2026 08:26
9a3d880a-ced3-43ac-a672-a707de75672b,exercise.fans,premium,26.08,51.95,high,low,8,spaceship,,,07/10/2026 08:26
e0f5934a-6898-47ba-b4d3-198a05c34cfb,health.car,available,1999.99,2199,high,low,6,namesilo,,,07/10/2026 05:06
4a4f005e-93ae-4d5c-aa07-dc6946e7aa8c,fitness.gifts,premium,38.94,38.94,high,medium,7,namesilo,,,07/10/2026 08:30
26f2a0aa-b954-4617-af10-05fa26bd6aec,exercise.ing,premium,672.95,672.95,high,low,8,spaceship,,,07/10/2026 08:26
33ba9a62-d482-428b-a476-1ef164ec16c0,fitness.org,resell,1725000,21.99,high,medium,7,"GoDaddy.com, LLC",05/05/2003 20:29,05/05/2027 20:29,07/10/2026 08:30
565eac3d-601b-4102-8f97-e29c6e10e1bb,exercise.nyc,premium,2587.7,26.08,high,low,8,spaceship,,,07/10/2026 08:26
a23a55b4-ca61-4ccf-b5b4-6de740644969,fitness.fm,premium,4394.5,89.25,high,medium,7,dynadot,,,07/10/2026 08:30
6e8c5d21-47b8-4a54-96b8-a4638145db71,wellness.dad,premium,257.92,257.92,high,medium,8,spaceship,,,05/10/2026 02:58
1a36ccd0-1717-47df-92aa-29744f0dce95,exercise.rehab,premium,1035.2,1035.2,high,low,8,spaceship,,,07/10/2026 08:26
16dba861-50c4-4402-87bb-c569a9d59a56,exercise.surf,premium,242,29.5,high,low,8,namesilo,,,07/10/2026 08:26
01b6d2fa-2734-41a9-90e0-32b8f9e9f28b,wellness.yoga,resell,,,high,medium,8,"GoDaddy.com, LLC",26/08/2020 18:55,26/08/2027 18:55,05/10/2026 02:58
45b1b5bf-2970-46ae-9664-1ae33e9f586a,exercise.photography,available,28.2,28.2,high,low,8,cloudflare,,,07/10/2026 08:26
87159107-a2a2-4ec8-8f1e-2dd806782dec,health.auto,available,2140.22,2140.22,high,low,6,dynadot,,,07/10/2026 05:06
157fb2d9-16e3-4ddf-a77c-05008cdc23a1,fitness.university,premium,78.54,78.54,high,medium,7,namesilo,,,07/10/2026 08:30
2d2166cc-c19d-4b04-9873-ba16d2e4222e,health.sale,premium,1035.2,1035.2,high,low,6,spaceship,,,07/10/2026 05:06
89407b92-07ed-4223-8cc9-d348e074ed96,exercise.pink,available,5.89,20.9,high,low,8,spaceship,,,07/10/2026 08:26
61197f06-a563-4db1-8566-6732420b387b,exercise.limo,available,54.99,54.99,high,low,8,namesilo,,,07/10/2026 08:26
038bc456-4df1-486a-a925-34bf06816192,fitness.condos,premium,118.8,118.8,high,medium,7,namesilo,,,07/10/2026 08:30
cc1e5b0f-cc8f-4a27-bd4f-533885f1fb0f,exercise.democrat,available,25.2,25.2,high,low,8,cloudflare,,,07/10/2026 08:26
1a2d4842-e37d-45d7-aecf-f73ae31569cd,training.stream,premium,517.7,67.48,high,low,8,spaceship,,,07/10/2026 11:56
7014b9b3-0853-4bad-a684-821e659b0a77,fitness.meme,premium,1300.2,1690,high,medium,7,unstoppable,,,07/10/2026 08:30
ad8d3f33-fdec-439f-99de-1e53663ccc0f,health.repair,resell,,,high,low,6,"Spaceship, Inc.",27/08/2021 10:07,27/08/2027 10:07,07/10/2026 05:06
ff67cc4d-cb8b-4933-a8df-f91af46465b5,training.capital,premium,72.6,72.6,high,low,8,dynadot,,,07/10/2026 11:56
069509c9-0559-48f4-9762-01e05a971c85,exercise.university,available,49.88,49.88,high,low,8,spaceship,,,07/10/2026 08:26
173be461-c63d-4534-a502-6f766493220e,training.video,premium,1293.95,2587.7,high,low,8,spaceship,,,07/10/2026 11:56
619637e4-3846-489d-a689-e9f4644d4310,training.marketing,premium,102.67,102.67,high,low,8,spaceship,,,07/10/2026 11:56
17eb07e4-21a4-4523-97f5-82f88b889ec7,health.bot,premium,6900,6900,high,low,6,namesilo,,,07/10/2026 05:06
4ab24eed-b947-46bd-af85-ee292e55471e,fitness.construction,available,31.25,31.25,high,medium,7,spaceship,,,07/10/2026 08:30
fad07601-443b-46bc-b6e3-2f0cd412c2f4,training.space,premium,13800,13800,high,low,8,namesilo,,,07/10/2026 11:56
d2a1da2f-89c7-4ce5-a2a5-9d464cc4518f,exercise.kim,available,12.99,23.49,high,low,8,namesilo,,,07/10/2026 08:26
03686f0b-1a20-459a-8a9c-35a15bf1d4a3,exercise.actor,available,34.2,34.2,high,low,8,cloudflare,,,07/10/2026 08:26
9daae45d-32e5-4119-b568-b6e43f1a80aa,training.cleaning,available,60.23,60.23,high,low,8,spaceship,,,07/10/2026 11:56
992ebe50-1546-4b65-9c8d-648c2e280470,health.construction,resell,,,high,low,6,"Sav.com, LLC - 7",15/12/2025 15:15,15/12/2026 15:15,07/10/2026 05:06
d90c8431-4325-41ba-a765-3c3b1410cffd,exercise.theater,available,50.2,50.2,high,low,8,cloudflare,,,07/10/2026 08:26
40da4e5e-9442-4ec8-a877-08fb69ae2011,exercise.forsale,premium,78.54,78.54,high,low,8,namesilo,,,07/10/2026 08:26
5af8c78f-9430-4563-bd80-8ec4a66858af,fitness.contractors,premium,72.6,72.6,high,medium,7,dynadot,,,07/10/2026 08:30
4c2e63c4-f6b5-4efb-8bce-2c0a070aca9e,training.cam,premium,854,16.52,high,low,8,namesilo,,,07/10/2026 11:56
2d6f8394-90a6-4b97-822a-efe4396da5a5,training.deal,premium,550,550,high,low,8,dynadot,,,07/10/2026 11:56
9046e6f6-518f-43bf-b0fe-6b70cf1a2d40,exercise.salon,available,57.99,57.99,high,low,8,namesilo,,,07/10/2026 08:26
dd123b09-215c-4db4-9dd2-57cebac45896,health.condos,premium,118.8,118.8,high,low,6,namesilo,,,07/10/2026 05:06
aa2cc7f1-7b93-4930-bae3-8de265d752a9,exercise.ink,available,1.75,26.08,high,low,8,spaceship,,,07/10/2026 08:26
bcb466f6-f11c-481e-a333-9e0d0ce89c2e,fitness.blackfriday,available,114.99,114.99,high,medium,7,namesilo,,,07/10/2026 08:30
7148378b-b301-4266-ae52-bea007b81c45,training.forex,premium,1035.2,1035.2,high,low,8,spaceship,,,07/10/2026 11:56
00ad67ee-427c-4dde-b8ad-f8f0edbba21c,health.blackfriday,available,103.5,103.5,high,low,6,porkbun,,,07/10/2026 05:06
bd48b8df-5592-4685-98ef-8a40055ffa70,wellness.mom,resell,,,high,medium,8,Dynadot Inc,08/06/2026 00:08,08/06/2027 23:59,05/10/2026 02:58
aa702f67-e08c-470a-97dd-d83401143ddb,exercise.finance,available,15.73,51.95,high,low,8,spaceship,,,07/10/2026 08:26
ef4e051a-3925-470d-b832-6fabf9bcb0cb,training.green,premium,1650,1650,high,low,8,dynadot,,,07/10/2026 11:56
a6c99239-a2bc-44f6-ab74-b83fd382ad78,exercise.site,premium,3450,3450,high,low,8,namesilo,,,07/10/2026 08:26
5899ddb1-ea8d-4e6d-b3bd-ae1a8a481ae7,fitness.berlin,resell,,,high,medium,7,,18/03/2014 17:59,18/03/2027 17:59,07/10/2026 08:30
ef0243b7-f9df-4ccd-9b2f-80ed31d86908,wellness.cv,premium,1339.98,8.85,high,medium,8,namesilo,,,05/10/2026 02:58
6282b57f-9d80-4c24-bdca-eab1d20afb6b,fitness.you,premium,517.7,517.7,high,medium,7,spaceship,,,07/10/2026 08:30
0e7febec-76be-4749-8cc4-1001c9fc9a52,wellness.security,available,2000.2,2000.2,high,medium,8,cloudflare,,,05/10/2026 02:58
80600498-f029-44d2-8fe8-1ca662d5cfcb,exercise.recipes,available,4.86,62.3,high,low,8,spaceship,,,07/10/2026 08:26
226a5e73-ab97-4232-b076-c40860f90c1e,health.onl,resell,,,high,low,6,Dynadot Inc,17/07/2023 12:29,17/07/2027 12:29,07/10/2026 05:06
1823554f-99fa-47a7-9094-40032c7cba90,health.republican,available,7.25,7.25,high,low,6,namesilo,,,07/10/2026 05:06
aa047c5d-b1d9-432e-a129-c517ab7d393f,fitness.dance,premium,854,854,high,medium,7,namesilo,,,07/10/2026 08:30
839264f8-bfea-4a3b-be88-557f86cba7ca,health.cooking,premium,207.2,26.08,high,low,6,spaceship,,,07/10/2026 05:06
47e6527b-f193-4831-bb01-c6632d341efc,exercise.singles,premium,99.5,128.7,high,low,8,unstoppable,,,07/10/2026 08:26
b70e087f-471a-42ee-afae-2bc3d85d341b,training.insure,available,85.48,101.98,high,low,8,namecheap,,,07/10/2026 11:56
39e9f181-6837-4649-9457-c2251ff849e5,fitness.beauty,premium,672.95,672.95,high,medium,7,spaceship,,,07/10/2026 08:30
bbf72045-a5e4-4c8f-8504-81b520f29bdf,training.golf,resell,,,high,low,8,"Sav.com, LLC - 43",15/06/2026 15:15,15/06/2027 15:15,07/10/2026 11:56
c029e976-b12c-4edf-bbe0-ee2d7ba0ef3d,health.download,premium,13800,116,high,low,6,namesilo,,,07/10/2026 05:06
a85f4288-c7d0-4147-bf7d-13d51b720186,exercise.monster,resell,,,high,low,8,Atom.com Domains LLC,07/09/2026 21:22,07/09/2027 23:59,07/10/2026 08:26
61ad1b11-fa8b-4dfd-869b-66f10ede47fe,fitness.onl,premium,160,302.5,high,medium,7,namesilo,,,07/10/2026 08:30
9b2892b1-150f-4d5b-847e-b9e79e70679b,training.deals,available,45.48,57.48,high,low,8,namecheap,,,07/10/2026 11:56
e5f3fa42-bf17-4d15-9be0-8a24cce5e230,wellness.xxx,available,69.98,154.98,high,medium,8,namecheap,,,05/10/2026 02:58
5a5c8799-9e91-457f-a537-d6f6a8a6ffde,fitness.cleaning,premium,220,220,high,medium,7,dynadot,,,07/10/2026 08:30
b1e13ff1-53fb-41bc-aa6d-84fc14845b19,health.photo,premium,130,130,high,low,6,namecheap,,,07/10/2026 05:06
bf17eec0-ec54-462f-84b0-efcb85ad3f54,fitness.gripe,premium,68.51,68.51,high,medium,7,spaceship,,,07/10/2026 08:30
aa5c2e83-2320-4988-a145-c6465fb8cc2f,exercise.domains,available,34.36,34.36,high,low,8,spaceship,,,07/10/2026 08:26
b1d4a41a-63a1-464a-bf83-0b0b47ee4cf9,wellness.camera,available,46.78,46.78,high,medium,8,spaceship,,,05/10/2026 02:58
41bf8e98-a3e4-48f3-9878-afcbb6ae1164,training.vacations,premium,108.9,108.9,high,low,8,dynadot,,,07/10/2026 11:56
22af7265-98bc-4588-8ded-33165f8b4667,exercise.beer,premium,41.6,26.08,high,low,8,spaceship,,,07/10/2026 08:26
14d2982b-1dc2-46f2-b53c-af72dff1cfd3,exercise.shiksha,premium,660,660,high,low,8,dynadot,,,07/10/2026 08:26
cdf97d27-898b-406e-8a55-296ada87c26e,exercise.dad,premium,133.72,133.72,high,low,8,spaceship,,,07/10/2026 08:26
eae383cb-def7-4efb-92be-92774977299a,health.guitars,available,93.35,103.4,high,low,6,spaceship,,,07/10/2026 05:06
55a4381b-f31c-466e-b416-9210c8ab3640,fitness.fund,premium,36.32,72.57,high,medium,7,porkbun,,,07/10/2026 08:30
c629aef0-8119-4520-a84f-02ceff0658f0,fitness.democrat,available,7.25,7.25,high,medium,7,namesilo,,,07/10/2026 08:30
5c545e83-1d18-4262-96c3-b673662a0ef4,wellness.pictures,available,12.62,12.62,high,medium,8,spaceship,,,05/10/2026 02:58
9831880a-eed9-4467-9e69-3f82f36a4642,training.vodka,premium,41.6,26.08,high,low,8,spaceship,,,07/10/2026 11:56
9af0b814-60cc-43af-ab81-2c76e7cfacc7,exercise.cyou,premium,68.43,147.2,high,low,8,namesilo,,,07/10/2026 08:26
aaac2bba-7cc6-4725-bd9f-d63058d4f046,exercise.cloud,resell,,,high,low,8,"Name.com, Inc.",16/02/2016 15:00,16/02/2027 15:00,07/10/2026 08:26
eaee6ed9-36fc-4797-a80a-cd437f186a9a,training.florist,available,8.24,26.97,high,low,8,dynadot,,,07/10/2026 11:56
d78a34d2-94c0-4b22-9ae2-2a9580e090d4,fitness.srl,premium,50.6,28.04,high,medium,7,dynadot,,,07/10/2026 08:30
7c3585ce-ca5c-4dcb-9b8a-f80f3abc5cc1,health.careers,resell,,,high,low,6,"GoDaddy.com, LLC",02/03/2014 22:22,02/03/2027 22:22,07/10/2026 05:06
0c9b4327-95dc-448b-b6e4-bb40fc557e6a,wellness.boston,premium,88,19.48,high,medium,8,dynadot,,,05/10/2026 02:58
edfa4933-236d-4e05-872b-9e9a60fc8bdf,fitness.services,premium,437.29,873.85,high,medium,7,porkbun,,,07/10/2026 08:30
1de1ba54-5834-440e-91f6-4c4eeb1ba785,health.wine,premium,66.5,68.51,high,low,6,unstoppable,,,07/10/2026 05:06
40ffb244-7121-4ce5-9765-dbdfc9da5039,exercise.cv,premium,137.6,8.85,high,low,8,namesilo,,,07/10/2026 08:26
e1df0926-feba-4695-ad6b-32736413d906,training.taxi,available,6.1,58,high,low,8,dynadot,,,07/10/2026 11:56
d573fdfc-501b-433c-8ffa-0cdcf5386ed1,exercise.kaufen,available,5.99,26.99,high,low,8,namesilo,,,07/10/2026 08:26
a7af937b-eef0-4a77-974c-07698d0fdf86,training.host,premium,640,640,high,low,8,namesilo,,,07/10/2026 11:56
f47dc445-a9f7-4a93-8a9d-cc45bd458ab3,exercise.feedback,available,9,310.7,high,low,8,spaceship,,,07/10/2026 08:26
d064770b-3082-45a0-894b-0d9033d3dd62,health.security,available,1999.99,2049.99,high,low,6,namesilo,,,07/10/2026 05:06
98d13e89-2b5f-411f-9a13-bc4392e2567e,health.pw,premium,2587.5,2587.5,high,low,6,spaceship,,,07/10/2026 05:06
c32751af-5a23-4219-9d03-43d0eabf6d1b,exercise.clinic,premium,128.7,128.7,high,low,8,namecheap,,,07/10/2026 08:26
3fdc7d90-42db-40d1-8dfb-39cc839c47a0,health.coupons,premium,828.2,828.2,high,low,6,spaceship,,,07/10/2026 05:06
802c0a7e-278a-4968-b9cd-814ca756e00f,exercise.lifestyle,available,1.24,31.25,high,low,8,spaceship,,,07/10/2026 08:26
ab53bc00-1846-40e8-90db-96ffaeb91a6d,exercise.airforce,available,103.99,103.99,high,low,8,namesilo,,,07/10/2026 08:26
add02dc2-85a5-47a2-9ee6-f39afe82c748,health.shoes,premium,414.2,414.2,high,low,6,spaceship,,,07/10/2026 05:06
95604cd6-abfb-4b80-b4e6-f44b31a9cca3,training.pub,available,31.2,31.2,high,low,8,cloudflare,,,07/10/2026 11:56
17268df3-d72a-4824-8047-45b3103389d2,health.town,resell,,,high,low,6,Dynadot Inc,23/03/2022 13:15,23/03/2027 13:15,07/10/2026 05:06
330dd6a2-46a5-42a7-991f-6e1ab775ecc0,health.dance,premium,118.8,118.8,high,low,6,namesilo,,,07/10/2026 05:06
d8f4fbc3-2d2c-42ed-9bd9-8e44411020de,health.zip,premium,999.2,1034.17,high,low,6,unstoppable,,,07/10/2026 05:06
11a22f41-885c-497b-9279-8481d9325199,training.skin,premium,2183.84,2183.84,high,low,8,porkbun,,,07/10/2026 11:56
7970ba16-29d5-44ce-b557-66b64feae3f8,gym.run,resell,,,high,low,3,"GoDaddy.com, LLC",20/08/2015 03:06,20/08/2027 03:06,29/09/2026 21:52
e7733144-5453-46eb-a505-334d29f13048,health.supplies,resell,,,high,low,6,Dynadot Inc,07/09/2024 15:15,07/09/2027 15:15,07/10/2026 05:06
c5ee082f-3a2f-4aa3-976f-1cf5631d383b,fitness.living,premium,2660,2660,high,medium,7,namesilo,,,07/10/2026 08:30
72e761ac-d458-4235-97ff-f925ef7edda5,exercise.ryukyu,available,17.98,22.98,high,low,8,namecheap,,,07/10/2026 08:26
1b7caa7f-53d6-4a87-a6b0-62d42bec8c5b,training.hosting,available,309.47,340.37,high,low,8,porkbun,,,07/10/2026 11:56
12811cf7-ddef-488d-af02-9af6cb1370e8,health.holdings,resell,,,high,low,6,Dynadot Inc,11/07/2023 15:15,11/07/2027 15:15,07/10/2026 05:06
b191dc54-7d98-42de-8005-5970059fbf66,exercise.game,available,300.2,300.2,high,low,8,cloudflare,,,07/10/2026 08:26
2fc385de-26ae-4c4c-b73a-7fedcc35280b,exercise.download,premium,1100,110,high,low,8,dynadot,,,07/10/2026 08:26
c1fd15f4-e2b2-405f-928c-ec07b721d634,health.protection,available,1999.99,2049.99,high,low,6,namesilo,,,07/10/2026 05:06
d13c43ad-96cf-4dbc-bbbc-5b058b384e2d,health.ac,resell,,,high,low,6,"GoDaddy.com, LLC",25/06/2019 02:43,25/06/2027 02:43,07/10/2026 05:06
1bea89a8-3945-48c6-9b79-4e987b5f640f,health.autos,premium,2070.2,2070.2,high,low,6,spaceship,,,07/10/2026 05:06
0b01a2a5-d37c-416d-ab27-5c72c35aacf1,wellness.reise,premium,207.2,207.2,high,medium,8,spaceship,,,05/10/2026 02:58
82533172-5bd8-47bd-b219-047cc4b3662c,wellness.site,premium,2500.2,3450,high,medium,8,unstoppable,,,05/10/2026 02:58
35d02296-909c-42cf-800e-b4c0c0efb282,fitness.maison,premium,102.67,102.67,high,medium,7,spaceship,,,07/10/2026 08:30
9b435a4f-e024-4645-869e-b73ffd395ffc,health.cricket,available,20.88,20.88,high,low,6,spaceship,,,07/10/2026 05:06
96a83658-ccc3-4b9c-b37e-f066513d0da6,wellness.flowers,available,64.99,114.99,high,medium,8,namesilo,,,05/10/2026 02:58
244231d1-6380-46be-bc97-f9e8366ad293,health.space,premium,6900,6900,high,low,6,namesilo,,,07/10/2026 05:06
67fff46d-5254-464b-a512-8c5a09503eea,exercise.parts,available,9.52,33.32,high,low,8,spaceship,,,07/10/2026 08:26
d563d84d-2131-4940-bee2-f486beb04517,training.immo,available,28.15,28.15,high,low,8,spaceship,,,07/10/2026 11:56
2b6307a8-0808-469e-9b7d-0ce5cd9eb7fe,fitness.tires,available,70.2,70.2,high,medium,7,cloudflare,,,07/10/2026 08:30
c3cd3d72-936f-408e-92da-09a9ac160c12,fitness.black,available,26.5,51.95,high,medium,7,unstoppable,,,07/10/2026 08:30
273e4f79-5823-498c-a2f7-7142cdecd94e,wellness.watch,resell,,,high,medium,8,Dynadot Inc,07/05/2025 15:15,07/05/2027 15:15,05/10/2026 02:58
89c6d6a0-b06a-4eb5-a96c-5138eb232d00,health.sucks,premium,2728.7,2728.7,high,low,6,namecheap,,,07/10/2026 05:06
9989fdef-0e2b-403f-a29b-506d5fa67c39,health.boats,premium,2070.2,2070.2,high,low,6,spaceship,,,07/10/2026 05:06
ec4e012c-5ec5-4ffb-8eef-112a166a6103,training.theater,available,51.95,51.95,high,low,8,spaceship,,,07/10/2026 11:56
d7a364ec-2d34-4549-8835-7da39bca797c,exercise.casa,premium,47.2,11.8,high,low,8,namesilo,,,07/10/2026 08:26
d875d741-8efa-4fd1-8a37-b46a78a69c5c,wellness.blackfriday,available,114.99,114.99,high,medium,8,namesilo,,,05/10/2026 02:58
e10db834-c6ea-4412-8985-0d9f20f57874,training.properties,available,15.98,48.48,high,low,8,namecheap,,,07/10/2026 11:56
f940373c-4571-41d1-9f12-3bc51b5e3e5a,fitness.memorial,available,106.15,106.15,high,medium,7,dynadot,,,07/10/2026 08:30
b41d0c15-30d5-4d79-a869-7e6155395721,health.style,resell,,,high,low,6,"Spaceship, Inc.",01/10/2022 13:15,01/10/2027 13:15,07/10/2026 05:06
9b419d75-0f89-47ab-b2ce-ee6997f2aa25,health.viajes,available,99.99,99.99,high,low,6,namesilo,,,07/10/2026 05:06
24fb7825-e6e5-4bac-ada0-1b2e88b3222e,health.red,resell,,,high,low,6,Squarespace Domains II LLC,10/07/2019 10:10,10/07/2028 10:10,07/10/2026 05:06
60bbc246-208e-4d4d-976b-83fbcab775ba,exercise.fishing,premium,52,32.5,high,low,8,namecheap,,,07/10/2026 08:26
33ae5aa2-948d-4542-92bb-f4af5b224cb8,fitness.garden,premium,47.2,29.5,high,medium,7,namesilo,,,07/10/2026 08:30
d7302465-dd57-45de-b9c1-749578bcf6dc,fitness.catering,premium,118.8,118.8,high,medium,7,namesilo,,,07/10/2026 08:30
d89c3e0a-5d5c-4baa-a7de-37d0c549f37f,health.shop,premium,6900,6900,high,low,6,namesilo,,,07/10/2026 05:06
e77d003e-67b5-4d87-846e-a07f7463422c,wellness.ltda,premium,66.3,66.3,high,medium,8,namecheap,,,05/10/2026 02:58
59710b2f-30cf-4e16-8b75-648f506315b1,fitness.video,premium,1000.5,1035.2,high,medium,7,unstoppable,,,07/10/2026 08:30
7eeab991-67d6-4e19-916e-282defcdf802,exercise.cc,resell,,,high,low,8,Dynadot Inc,18/06/2006 08:52,18/06/2027 08:52,07/10/2026 08:26
749bf534-5af9-4ab8-9cc7-128a77f61ca4,health.site,premium,1293.95,5175.2,high,low,6,spaceship,,,07/10/2026 05:06
957433de-7560-432c-893a-5812094951d6,training.juegos,available,368.98,478.98,high,low,8,namecheap,,,07/10/2026 11:56
a7b7af93-4a35-4d87-85db-c6f976a8e58d,health.photos,available,23.2,23.2,high,low,6,cloudflare,,,07/10/2026 05:06
56bc7cc9-e0e6-4226-aefa-8b519e24e468,fitness.engineer,available,38.99,38.99,high,medium,7,namesilo,,,07/10/2026 08:30
bac10fc1-2af2-4812-bc1c-55f99c91f7c3,wellness.rodeo,available,10.2,10.2,high,medium,8,cloudflare,,,05/10/2026 02:58
223d095d-b6d8-488e-b32b-99a00ba5807b,exercise.taxi,available,7.96,49.88,high,low,8,spaceship,,,07/10/2026 08:26
9bf28c0b-1176-4f45-a7ed-4924d73ddbc3,fitness.baby,resell,,,high,medium,7,"Spaceship, Inc.",01/03/2026 21:51,01/03/2027 23:59,07/10/2026 08:30
be22fd72-dc2b-4065-8ac1-995d94942306,wellness.diet,available,93.35,103.4,high,medium,8,spaceship,,,05/10/2026 02:58
0e603765-a50b-49b0-9112-47b8e5aeb24f,exercise.fan,premium,128.7,128.7,high,low,8,namecheap,,,07/10/2026 08:26
6f326e8f-db86-4016-885e-ec78ae9da48c,fitness.games,premium,242,242,high,medium,7,namesilo,,,07/10/2026 08:30
dffaf18f-ae39-4175-8242-a4781eaaa828,training.melbourne,available,44.98,53.98,high,low,8,namecheap,,,07/10/2026 11:56
6feda57b-7071-4be6-9e6c-ef270d3bb4e0,training.community,premium,102.67,102.67,high,low,8,spaceship,,,07/10/2026 11:56
07f205c5-318d-47cb-9396-e964f76c3295,exercise.hockey,available,46.2,46.2,high,low,8,cloudflare,,,07/10/2026 08:26
df3cab80-6df4-4d92-8307-805a507aeefd,exercise.expert,premium,414.2,414.2,high,low,8,spaceship,,,07/10/2026 08:26
99c2e3ca-3871-486c-9032-df8a2b99f756,wellness.hiv,available,191.75,191.75,high,medium,8,dynadot,,,05/10/2026 02:58
50dc45a5-b157-44c7-9b4f-057c7e4bae3e,wellness.builders,available,35.99,35.99,high,medium,8,namesilo,,,05/10/2026 02:58
a98f774f-04ad-4ebb-afab-03674738a2b9,exercise.rsvp,premium,129.2,167.7,high,low,8,unstoppable,,,07/10/2026 08:26
749ae055-b8e2-4c69-9df3-24b73211674f,health.faith,premium,1300,130,high,low,6,namecheap,,,07/10/2026 05:06
0c38c37f-0b9b-407e-82eb-2984887b14b4,wellness.construction,available,31.25,31.25,high,medium,8,spaceship,,,05/10/2026 02:58
38d6a39a-cc17-4141-ae05-12d07a1e3ebc,wellness.gives,available,6.41,22.39,high,medium,8,spaceship,,,05/10/2026 02:58
ee3150d1-68f2-4645-9893-27766db5336a,exercise.makeup,available,1.99,14.45,high,low,8,dynadot,,,07/10/2026 08:26
c92de11d-fcba-41a9-bf35-a24215fb96ad,health.beauty,premium,2660,2660,high,low,6,namesilo,,,07/10/2026 05:06
5535c8b1-8c56-47de-bb6a-e77139f089a5,training.tube,premium,110,21.62,high,low,8,dynadot,,,07/10/2026 11:56
2b1f81ea-5ad1-4c5d-a964-83b01419a746,wellness.adult,available,51.95,98.53,high,medium,8,spaceship,,,05/10/2026 02:58
6bbc2064-b0d2-4012-a333-c168ecde686c,fitness.vin,available,8.99,59.99,high,medium,7,namesilo,,,07/10/2026 08:30
22b70fa1-58d2-48fb-adbb-ed2f9ad61257,exercise.fashion,resell,,,high,low,8,"GoDaddy.com, LLC",16/01/2019 16:51,16/01/2027 16:51,07/10/2026 08:26
3e42b82b-f072-456a-a30b-b333935d1bec,wellness.dealer,premium,1604.45,2070.2,high,medium,8,spaceship,,,05/10/2026 02:58
6fe57754-cb23-40d6-a6e9-e1a8ad2138c1,training.io,resell,,,high,low,8,"GoDaddy.com, LLC",16/06/2009 17:42,16/06/2027 17:42,07/10/2026 11:56
093f7b9c-8e3e-4a21-90a8-ebddc88c0270,exercise.mov,premium,129.2,133.72,high,low,8,unstoppable,,,07/10/2026 08:26
a480eb65-f50b-4de0-b6f8-df48e65dec03,exercise.hamburg,available,69.98,73.98,high,low,8,namecheap,,,07/10/2026 08:26
f4b9d199-3d84-4a86-bd7c-9341b15435fe,exercise.guitars,available,104.99,114.99,high,low,8,namesilo,,,07/10/2026 08:26
a6f76376-fb5e-40db-b452-80452a1670ac,exercise.creditcard,available,129.2,129.2,high,low,8,spaceship,,,07/10/2026 08:26
b387f6d8-a602-465a-88cb-0c36b7833b27,exercise.meme,premium,155.45,155.45,high,low,8,spaceship,,,07/10/2026 08:26
4af3b1ac-40a8-4926-b4af-ab20c6270ba3,health.world,resell,,,high,low,6,Dynadot Inc,11/01/2015 16:00,11/01/2027 16:00,07/10/2026 05:06
1c88d349-1388-4acc-878c-090ca3840bab,training.bar,premium,198,198,high,low,8,dynadot,,,07/10/2026 11:56
f915adbe-616b-4c47-8f7c-dd6f80253d7d,health.restaurant,premium,99.5,102.67,high,low,6,unstoppable,,,07/10/2026 05:06
d39af91f-3b5a-4821-bbd2-3b9124f547c9,wellness.sexy,available,2749.99,2749.99,high,medium,8,namesilo,,,05/10/2026 02:58
fabca534-9a85-4027-b55b-8945f246818b,training.cricket,premium,5175.2,103.7,high,low,8,spaceship,,,07/10/2026 11:56
1245fe20-532f-487c-a5cd-6c2f2357c413,exercise.maison,available,44.2,44.2,high,low,8,cloudflare,,,07/10/2026 08:26
9752032c-5924-4028-8cd0-cd7a808357a3,fitness.security,available,1863.2,2000.18,high,medium,7,spaceship,,,07/10/2026 08:30
84b7b926-4598-4b93-96d1-37da4fece2ad,training.realty,available,99.8,456.98,high,low,8,namecheap,,,07/10/2026 11:56
9ce16683-d11d-4f86-8631-bcce6f11f154,health.guru,resell,,,high,low,6,"Sav.com, LLC",02/04/2026 20:42,02/04/2027 20:42,07/10/2026 05:06
3453b54d-6fda-4792-9678-424ea8471696,exercise.bingo,available,42.64,42.64,high,low,8,spaceship,,,07/10/2026 08:26
60006c4a-9215-4dea-b15d-9d5b33eacaaf,exercise.host,available,4.68,81.97,high,low,8,spaceship,,,07/10/2026 08:26
ade639f5-d7e8-4284-9350-2be9a5fd1cee,health.bingo,resell,,,high,low,6,"Sav.com, LLC - 18",07/12/2025 15:15,07/12/2026 15:15,07/10/2026 05:06
2cb86724-4807-481e-beb2-3992553c4197,fitness.community,resell,,,high,medium,7,"Global Domains International, Inc. DBA DomainCostClub.com",10/01/2026 15:15,10/01/2027 15:15,07/10/2026 08:30
d3d35d88-fe68-4a49-b0a7-561f43143335,exercise.charity,available,11.99,23.01,high,low,8,dynadot,,,07/10/2026 08:26
4f68ea5b-f6c6-4d25-bb16-614b45f1b40a,wellness.tube,premium,2200,21.62,high,medium,8,dynadot,,,05/10/2026 02:58
0f56e78b-d9b7-49c6-8c4d-665af9bf6e8e,exercise.markets,available,5.98,26.98,high,low,8,namecheap,,,07/10/2026 08:26
441b5dc1-9075-473f-8cb7-4bbd1f007d82,exercise.vacations,available,45.48,54.98,high,low,8,namecheap,,,07/10/2026 08:26
338afa5f-4013-4a8a-87c2-031cb1591267,exercise.management,available,25.99,25.99,high,low,8,namesilo,,,07/10/2026 08:26
6727597d-3d51-45dc-938c-df8e1fec614b,fitness.net,resell,287500,23.99,high,medium,7,"GoDaddy.com, LLC",26/05/1998 04:00,25/05/2029 04:00,07/10/2026 08:30
eacde222-cd6f-47a8-bb3d-61ffb8b42e46,fitness.forsale,premium,118.8,118.8,high,medium,7,namesilo,,,07/10/2026 08:30
b4e85636-855e-4c96-8801-1dd45e646161,training.website,premium,1293.95,2587.7,high,low,8,spaceship,,,07/10/2026 11:56
358cf3e4-df1a-49ff-b3ef-9078d2aea4d0,health.homes,premium,2660,2660,high,low,6,namesilo,,,07/10/2026 05:06
cdd19494-0e15-40ac-adb4-571c8e00912e,health.spot,premium,640,640,high,low,6,namesilo,,,07/10/2026 05:06
de6f7035-124f-4e4f-8995-ce47bc86f074,exercise.schule,available,28.99,28.99,high,low,8,namesilo,,,07/10/2026 08:26
4a6ca3ad-a947-43a0-8b3e-749aa4297085,exercise.diamonds,available,43.67,43.67,high,low,8,spaceship,,,07/10/2026 08:26
f4d70153-0c62-425d-b877-50066773f937,fitness.jewelry,available,51.95,51.95,high,medium,7,spaceship,,,07/10/2026 08:30
78159927-5e1f-4d6c-b69f-1c41437cb326,health.tickets,premium,1552.7,1552.7,high,low,6,spaceship,,,07/10/2026 05:06
84c2565d-1752-4f36-a139-79499ce0bb5d,training.forsale,available,12.62,29.18,high,low,8,spaceship,,,07/10/2026 11:56
f5834a2b-7e70-4487-abdb-d52765d8fb60,wellness.auto,available,1999.99,2199,high,medium,8,namesilo,,,05/10/2026 02:58
15a2a78d-9fef-4515-8443-3b0f96f4e869,health.miami,premium,2070.2,18.83,high,low,6,spaceship,,,07/10/2026 05:06
5a91ee78-b3fa-42dc-9b32-8d8121278a84,fitness.mom,premium,672.95,672.95,high,medium,7,spaceship,,,07/10/2026 08:30
b8704b13-5fa2-4c9d-ba11-b72d5bae211f,exercise.store,premium,647.08,2587.7,high,low,8,spaceship,,,07/10/2026 08:26
50ed5572-ebba-4ac6-8bd4-7d55dee27c78,exercise.london,available,28.07,28.07,high,low,8,dynadot,,,07/10/2026 08:26
68e06d3e-c877-4084-b8ff-45593bbc8abc,wellness.exposed,premium,102.67,102.67,high,medium,8,spaceship,,,05/10/2026 02:58
984f0561-174c-4dd4-abf5-4a74cfe76a09,health.skin,premium,2660,2660,high,low,6,namesilo,,,07/10/2026 05:06
cea98c91-e70f-4f06-8298-aba6bef5af5e,wellness.finance,resell,,,high,medium,8,UM DOMAINS PTE. LTD,16/06/2026 15:16,16/06/2027 15:16,05/10/2026 02:58
94daf64d-a51c-43b9-b5d1-864a2fff6cc1,fitness.band,premium,1107,1107,high,medium,7,namesilo,,,07/10/2026 08:30
f5c8a3ea-18c7-49b0-a6eb-b466de9a738f,training.rent,available,10.5,53.72,high,low,8,dynadot,,,07/10/2026 11:56
5c59e59e-bfc0-45e3-af89-b4db938d67bc,training.so,resell,,,high,low,8,SOSTEC TECHNOLOGIES_LR,19/06/2024 05:42,19/06/2026 05:42,
fa8852c9-7e96-4118-bce2-cd882fb04139,fitness.army,premium,118.8,118.8,high,medium,7,namesilo,,,07/10/2026 08:30
8dd33731-5860-4e8b-a82e-049896452b3a,health.flights,premium,72.6,72.6,high,low,6,dynadot,,,07/10/2026 05:06
48da6bf1-29ec-410f-9486-cb475273adcf,fitness.fans,premium,116,116,high,medium,7,namesilo,,,07/10/2026 08:30
d4e2a049-e945-4d65-8ae6-51f50e1baf55,exercise.fish,available,44.49,44.49,high,low,8,namesilo,,,07/10/2026 08:26
1d261b06-faad-4641-bef9-69e3c0b7668e,health.best,resell,,,high,low,6,"Spaceship, Inc.",25/02/2020 15:46,25/02/2027 23:59,07/10/2026 05:06
818fc6a0-020e-49fa-9796-f86a0db5a6ce,fitness.holiday,premium,118.8,118.8,high,medium,7,namesilo,,,07/10/2026 08:30
d6aaf20d-2ca4-4b61-a210-7590d8ebded7,training.biz,resell,,,high,low,8,Dynadot Inc,10/06/2012 17:07,09/06/2034 23:59,07/10/2026 11:56
66b3b679-8dc2-4d9d-93bd-d76c8d989a6d,health.mom,premium,2070.2,2070.2,high,low,6,spaceship,,,07/10/2026 05:06
7ab4d5db-874d-4d93-a00c-d33301fe5f62,wellness.protection,available,2064.2,2064.2,high,medium,8,spaceship,,,05/10/2026 02:58
c73f012c-2b0a-4762-9d92-cb8fc3250e86,health.dentist,premium,3450,3450,high,low,6,namesilo,,,07/10/2026 05:06
ead85e1f-2e36-4cf9-87e5-5a458a671f01,wellness.fit,resell,,,high,medium,8,"GoDaddy.com, LLC",17/08/2020 09:45,17/08/2027 09:45,05/10/2026 02:58
4059a7a5-1a19-4ba2-a28d-48b730361b0b,fitness.taxi,available,10.99,62.99,high,medium,7,namesilo,,,07/10/2026 08:30
d641f6ea-a371-4bf5-b840-b30feef071b0,fitness.sarl,premium,34.36,34.36,high,medium,7,spaceship,,,07/10/2026 08:30
83359003-6f6a-4151-87f6-fa884dd4704f,training.party,premium,455,65,high,low,8,namecheap,,,07/10/2026 11:56
e716ac3b-b518-48da-9142-de823a050d44,fitness.recipes,available,8.5,68.51,high,medium,7,unstoppable,,,07/10/2026 08:30
6e36c74b-0f00-426c-8efc-17b48c9aa6c0,training.kim,available,5.38,18.83,high,low,8,spaceship,,,07/10/2026 11:56
cb131b04-3ae6-46a5-9af1-97f0d7a0f1e1,wellness.rich,available,78.99,160.71,high,medium,8,porkbun,,,05/10/2026 02:58
ca1c4899-396e-431b-9caf-dc61afd7eacc,strength.healthcare,available,88.99,88.99,high,low,8,namesilo,,,19/09/2026 17:18
17b62eff-ead8-4dd2-ac8b-86293b477602,health.pics,premium,2200,2200,high,low,6,dynadot,,,07/10/2026 05:06
106b9186-60dc-411a-b012-f936d0f24856,training.build,premium,1552.7,1552.7,high,low,8,spaceship,,,07/10/2026 11:56
cbf172fb-6ed1-4636-8c99-4b795bee90d0,training.sbs,premium,328.02,655.52,high,low,8,porkbun,,,07/10/2026 11:56
bc668c29-504f-4f6c-95f8-5852abf4ec01,fitness.dentist,premium,207.2,207.2,high,medium,7,spaceship,,,07/10/2026 08:30
3761ffcf-0cc1-4947-95d7-b2e69d682b1e,exercise.blackfriday,available,103.7,103.7,high,low,8,spaceship,,,07/10/2026 08:26
ca1e736a-8d1e-408c-8837-4da80476b276,training.film,premium,130,130,high,low,8,namecheap,,,07/10/2026 11:56
f7a189d7-8ec2-49bf-9f7e-763124439e25,exercise.investments,available,6.41,103.7,high,low,8,spaceship,,,07/10/2026 08:26
31aa0caa-52e3-4814-9353-73ce1220f127,health.live,resell,,,high,low,6,"GoDaddy.com, LLC",22/04/2016 04:04,22/04/2027 04:04,07/10/2026 05:06
c7cc71fa-1bb8-40e2-b21e-51f4cfad966e,exercise.ninja,available,15.99,30.99,high,low,8,namesilo,,,07/10/2026 08:26
b2d469ed-477a-48d5-ae07-eaa14bbc5a0d,exercise.sarl,available,5.38,5.38,high,low,8,spaceship,,,07/10/2026 08:26
8fd422f5-b00c-4c39-a0b6-4c5a0371cbae,wellness.voto,available,10.55,55.93,high,medium,8,spaceship,,,05/10/2026 02:58
5a10186b-2782-4a37-a36a-7e554fbe977a,wellness.casino,available,125.2,125.2,high,medium,8,cloudflare,,,05/10/2026 02:58
c4f29b0a-4a50-4136-8bda-90dd714508e2,exercise.clothing,premium,512,512,high,low,8,namesilo,,,07/10/2026 08:26
d81e5b1f-f4a6-48a7-a9ee-52653d52aa64,health.company,resell,,,high,low,6,Dynadot Inc,28/08/2019 18:00,28/08/2027 18:00,07/10/2026 05:06
5063ef35-8f82-4b44-9ae5-760afbcc1330,exercise.holdings,available,50.2,50.2,high,low,8,cloudflare,,,07/10/2026 08:26
1b2a6f8f-8af2-446a-84d2-a35e898d151f,health.hair,premium,2070.2,2070.2,high,low,6,spaceship,,,07/10/2026 05:06
a5bd2695-469c-46c4-a7d1-e82f78af9535,exercise.construction,available,38.99,38.99,high,low,8,namesilo,,,07/10/2026 08:26
f0885e8c-a07f-45f9-9e8f-ed30a45f9c89,training.international,premium,68.51,68.51,high,low,8,spaceship,,,07/10/2026 11:56
f9ff86a3-34fe-4c3c-bdf8-db9edc0a7bb5,exercise.bayern,available,34.99,34.99,high,low,8,namesilo,,,07/10/2026 08:26
ea7fa281-70f5-4d75-9595-132d0083ccc5,fitness.realty,available,109.99,299,high,medium,7,namesilo,,,07/10/2026 08:30
23604e81-ee6d-486d-9541-fbdf726afbe5,exercise.studio,premium,512,512,high,low,8,namesilo,,,07/10/2026 08:26
bc7856a9-7007-4767-ae06-59c6c452fde9,exercise.industries,available,45.99,45.99,high,low,8,namesilo,,,07/10/2026 08:26
b41e65b2-9b58-40b7-86ef-c6953a22ca33,fitness.camera,premium,440,440,high,medium,7,dynadot,,,07/10/2026 08:30
f38c9ae3-807f-48f6-9122-5d7ccdcf566a,exercise.digital,resell,,,high,low,8,"GoDaddy.com, LLC",14/02/2024 22:45,14/02/2027 22:45,07/10/2026 08:26
8336ef0a-fbfc-48b3-923e-a6743ed5d788,wellness.shop,premium,2750,2750,high,medium,8,dynadot,,,05/10/2026 02:58
6d509135-28a9-4660-8c11-7ac71758ed91,training.camera,available,46.78,46.78,high,low,8,spaceship,,,07/10/2026 11:56
97c629ba-4972-4fe4-a033-7747867281f2,wellness.tires,available,72.44,72.44,high,medium,8,spaceship,,,05/10/2026 02:58
4bd4842f-4644-49d3-bf94-28348c943153,training.dev,premium,671.92,671.92,high,low,8,spaceship,,,07/10/2026 11:56
78dee14a-df97-4d83-8d6d-b1fc3ad93d26,training.auction,available,29.18,29.18,high,low,8,spaceship,,,07/10/2026 11:56
d2074a7e-845d-44c3-9e98-a13ef6cd04a5,training.studio,premium,51.43,102.67,high,low,8,spaceship,,,07/10/2026 11:56
625edb0b-dff0-406b-99ad-33cb6296de8c,fitness.immobilien,available,29.2,29.2,high,medium,7,cloudflare,,,07/10/2026 08:30
c354c951-795d-43fd-95ee-8fc29c51a3d7,fitness.channel,premium,1298.7,1298.7,high,medium,7,namecheap,,,07/10/2026 08:30
057c2253-8cd4-4a27-8bb9-be167bcee237,healthy.fit,resell,,,high,low,7,"GoDaddy.com, LLC",17/08/2020 09:44,17/08/2027 09:44,07/10/2026 18:54
d36051c9-7340-4ceb-9684-0f3ce137167c,training.storage,available,465.95,500.2,high,low,8,spaceship,,,07/10/2026 11:56
7478fcac-6be4-4cb2-b423-ad429cdc1555,workout.training,premium,118.8,118.8,high,low,7,namesilo,,,02/10/2026 23:14
db8831f8-729d-4ee8-a834-3d09c80db52f,health.free,premium,500.5,650,high,low,6,unstoppable,,,07/10/2026 05:06
4657a7cd-f451-4ef4-8496-4d3ffb45d563,health.kitchen,premium,,,high,low,6,"Spaceship, Inc.",17/02/2014 13:00,17/02/2027 13:00,07/10/2026 05:06
a54f3b9a-599f-4f12-ac61-54f6809917f1,wellness.in,resell,,,high,medium,8,Hosting Concepts B.V. dba Openprovider,16/02/2005 06:31,16/02/2027 06:31,05/10/2026 02:58
a8e97191-d52b-49a1-a645-2fbd08ebd778,exercise.wtf,resell,5.99,,high,low,8,"Spaceship, Inc.",02/07/2026 22:25,02/07/2027 22:25,07/10/2026 08:26
fcb1965f-5f4f-4d72-9f10-7ce3df1136ce,health.theater,resell,80.98,,high,low,6,"Sav.com, LLC",27/12/2025 12:55,27/12/2026 12:55,07/10/2026 05:06
db222ba6-8f3b-45c5-9471-a111d5ee8fc4,training.plumbing,available,8.24,66.56,high,low,8,dynadot,,,07/10/2026 11:56
9a4a395e-f5cc-4b50-8feb-73b47df964ac,training.reisen,available,16.76,16.76,high,low,8,spaceship,,,07/10/2026 11:56
22a52c2b-7fcb-4f32-8109-e2dc752e3d98,fitness.vana,available,2070.2,2070.2,high,medium,7,spaceship,,,07/10/2026 08:30
b45a64db-be07-4d7f-a8bf-633c56a72648,training.christmas,available,1.24,31.16,high,low,8,spaceship,,,07/10/2026 11:56
d2370b6b-38f5-442e-a9f9-ca9ef9e90a1c,wellness.pizza,available,5.38,51.95,high,medium,8,spaceship,,,05/10/2026 02:58
0f936935-06c5-4ff6-a985-73ba5b18e898,fitness.red,resell,,,high,medium,7,"Spaceship, Inc.",10/12/2019 10:08,10/12/2026 10:08,07/10/2026 08:30
a01e5100-a662-4cb0-93df-77152b5cb287,training.mom,premium,672.95,672.95,high,low,8,spaceship,,,07/10/2026 11:56
2e274a56-b4d9-4726-b523-45742db4d8f6,fitness.space,premium,2750,11000,high,medium,7,dynadot,,,07/10/2026 08:30
7bb4becf-a05e-4798-989c-e70def4f2fae,health.trade,resell,,,high,low,6,Porkbun,29/07/2019 12:29,29/07/2030 12:29,07/10/2026 05:06
2213287d-a0ef-4b5d-99f3-a3bb796c3d2a,wellness.boo,premium,257.92,257.92,high,medium,8,spaceship,,,05/10/2026 02:58
b7429323-8c57-4b44-b27c-ac7a7144e55f,exercise.graphics,available,18.83,18.83,high,low,8,spaceship,,,07/10/2026 08:26
0b0272b3-7490-4d7b-ade2-40bbb68e9e09,wellness.build,available,32.98,39.98,high,medium,8,namecheap,,,05/10/2026 02:58
865e9ed3-ede6-42e2-b211-de1282a201b3,fitness.voto,available,10.81,56.13,high,medium,7,porkbun,,,07/10/2026 08:30
d5fd24e8-3f67-4e40-ba7a-18323697d2d8,exercise.coach,premium,207.2,207.2,high,low,8,spaceship,,,07/10/2026 08:26
7dab0286-4c90-48c9-9b4c-f25384adf751,exercise.support,available,8.5,26.99,high,low,8,unstoppable,,,07/10/2026 08:26
34707124-8b22-44b7-a581-19276c8fb321,exercise.online,premium,687.5,2750,high,low,8,dynadot,,,07/10/2026 08:26
ce10ae51-dc68-4916-b251-eca0bcdb82b1,wellness.kiwi,premium,61.77,61.77,high,medium,8,dynadot,,,05/10/2026 02:58
1db93a00-58d7-4fa4-99ae-e0cc36643f71,training.review,premium,1100,110,high,low,8,dynadot,,,07/10/2026 11:56
f1853393-93d1-47fb-90ad-d32f7313cc6b,exercise.tours,resell,,,high,low,8,"eNom, LLC",16/01/2019 17:05,16/01/2027 17:05,07/10/2026 08:26
49ce83d5-5089-4a1c-80ac-b1349e9ce6fd,training.domains,premium,207.2,207.2,high,low,8,spaceship,,,07/10/2026 11:56
acc096bf-60cd-4ca0-8d9d-0cde7a426f77,health.energy,resell,,,high,low,6,"Sav.com, LLC - 33",05/10/2023 15:15,05/10/2027 15:15,07/10/2026 05:06
6cff53d1-9c84-446c-96bf-2429f11ab883,training.school,resell,,,high,low,8,"Xiamen ChinaSource Internet Service Co., Ltd",19/08/2017 08:04,19/08/2027 08:04,07/10/2026 11:56
c9e2244e-9ed2-42c1-b55b-884e748fb5b5,exercise.services,available,13.5,38.99,high,low,8,unstoppable,,,07/10/2026 08:26
ce87b04b-8d30-4642-ae44-5fa41b378a96,wellness.holdings,available,50.2,50.2,high,medium,8,cloudflare,,,05/10/2026 02:58
30e33637-cda6-40e6-9253-edc1ef77ed7e,training.sucks,premium,2728.7,2728.7,high,low,8,namecheap,,,07/10/2026 11:56
ad6ede66-2ee4-4e19-bc84-db0075be20a2,exercise.black,available,15.73,51.95,high,low,8,spaceship,,,07/10/2026 08:26
17a68966-566a-4dfb-bd15-39a3b2c700a4,training.vet,premium,207.2,207.2,high,low,8,spaceship,,,07/10/2026 11:56
9b9bcf6e-0045-44f8-85b7-e82de5bdde36,fitness.skin,premium,832,832,high,medium,7,namesilo,,,07/10/2026 08:30
0721d03d-333b-4686-967a-162b5f22c8fd,training.locker,premium,1035.2,31.25,high,low,8,spaceship,,,07/10/2026 11:56
3cb0ed91-14be-4c05-b920-c5ca0fe85bad,exercise.town,available,6.41,29.18,high,low,8,spaceship,,,07/10/2026 08:26
8e1a5eec-34a6-431c-b5e8-a8175638258e,wellness.clothing,available,26.08,26.08,high,medium,8,spaceship,,,05/10/2026 02:58
676981ac-0031-4cb0-ac95-d81037cafe2f,exercise.xxx,available,53.72,101.87,high,low,8,dynadot,,,07/10/2026 08:26
84afff15-645e-49e3-882b-70a18451e661,exercise.direct,available,13.14,33.32,high,low,8,spaceship,,,07/10/2026 08:26
50b08a56-d6e3-4c85-aa12-eb482b8313d6,training.nyc,premium,3250,32.5,high,low,8,namecheap,,,07/10/2026 11:56
69b055db-d6b1-4eb4-a1b8-cdadd7b64a1b,training.srl,premium,50.6,28.04,high,low,8,dynadot,,,07/10/2026 11:56
34243d84-d089-4cb8-8a5d-5be38c760605,training.bio,resell,,,high,low,8,"Sav.com, LLC - 17",13/05/2026 15:15,13/05/2027 15:15,07/10/2026 11:56
7c9b4671-7b48-4d16-92bb-d20bd5e10c93,exercise.miami,premium,2660,21.24,high,low,8,namesilo,,,07/10/2026 08:26
f5f78826-775c-403c-a8ad-55e56ad5eb7f,health.lighting,resell,,,high,low,6,"Sav.com, LLC - 34",04/08/2026 15:16,04/08/2027 15:16,07/10/2026 05:06
150b971f-82b1-4893-9bba-a4f43eafa83d,training.jetzt,premium,108.9,108.9,high,low,8,dynadot,,,07/10/2026 11:56
6cb8d1ef-d8fa-4a1d-9f8c-9aeb3b27a102,wellness.theatre,available,500.2,500.2,high,medium,8,cloudflare,,,05/10/2026 02:58
57da44ad-54ca-49f1-ae6e-d7efd1411b1a,exercise.archi,available,19.99,103.99,high,low,8,namesilo,,,07/10/2026 08:26
0914cb21-3929-43e2-8227-a863198ba6fe,fitness.fast,premium,517.7,517.7,high,medium,7,spaceship,,,07/10/2026 08:30
1cb94173-066c-43a3-b338-7bd2b0caa583,exercise.ong,premium,55,27.5,high,low,8,dynadot,,,07/10/2026 08:26
018327c2-96f6-40aa-8623-55812251b1b1,exercise.style,resell,,,high,low,8,"Domain.com - Network Solutions, LLC",16/01/2019 17:05,16/01/2027 17:05,07/10/2026 08:26
ee66c4b6-9e0e-4a19-8419-c25b233fd32e,training.nexus,premium,167.7,167.7,high,low,8,namecheap,,,07/10/2026 11:56
41cf7faa-352d-458f-b67e-c8f958387639,exercise.cab,available,32.99,32.99,high,low,8,namesilo,,,07/10/2026 08:26
a7f853a8-b2ff-4541-9b3d-f25762b3235d,wellness.viajes,available,35.2,35.2,high,medium,8,cloudflare,,,05/10/2026 02:58
14d1a490-946a-4238-b756-66d92f6270c2,exercise.link,premium,350.2,448,high,low,8,unstoppable,,,07/10/2026 08:26
9b1437b7-f916-429b-ae1a-ec2494a0def6,wellness.courses,premium,1092.18,1092.18,high,medium,8,porkbun,,,05/10/2026 02:58
d7d718b8-196e-40b9-a304-579fb3a63ad0,training.accountant,premium,517.7,67.48,high,low,8,spaceship,,,07/10/2026 11:56
ccf86dfe-f40c-434c-834a-9afe6c5231bb,training.me,premium,3853.21,18.29,high,low,8,porkbun,,,07/10/2026 11:56
39c3d785-a1f7-4807-9a05-8e334ffdd731,exercise.guru,premium,207.2,207.2,high,low,8,spaceship,,,07/10/2026 08:26
355c45d7-a935-4990-a6b6-3a1cd8f150c2,training.recipes,available,4.86,62.3,high,low,8,spaceship,,,07/10/2026 11:56
29530abf-b31f-416a-b150-0c515d130745,fitness.plumbing,available,56.2,56.2,high,medium,7,cloudflare,,,07/10/2026 08:30
b3054089-9ee4-4242-b0e3-3584cd7a2494,health.ski,premium,99.5,102.67,high,low,6,unstoppable,,,07/10/2026 05:06
c4d5aab2-7b2d-4b8a-b360-36f6adef891a,wellness.football,available,10.92,21.62,high,medium,8,dynadot,,,05/10/2026 02:58
76435a3c-f3db-43cf-a4bb-3661993c94b1,exercise.new,available,412.2,412.2,high,low,8,spaceship,,,07/10/2026 08:26
9b41653d-13b3-4b57-befa-20ec61564451,fitness.tips,premium,414.2,414.2,high,medium,7,spaceship,,,07/10/2026 08:30
419f097e-6fd1-4735-9733-8a8983a15d0b,exercise.mortgage,available,49.88,49.88,high,low,8,spaceship,,,07/10/2026 08:26
8a32230b-4a3c-4734-957f-1c2502d0c04a,wellness.stream,premium,1035.2,103.7,high,medium,8,spaceship,,,05/10/2026 02:58
d0827ce4-90a5-499d-80b5-bb131f809b37,exercise.company,available,16.76,16.76,high,low,8,spaceship,,,07/10/2026 08:26
44c696b0-96f0-4888-9640-40c891cb2aac,exercise.supply,premium,118.8,118.8,high,low,8,namesilo,,,07/10/2026 08:26
338b5351-405b-4429-b8bd-c5ef010958ad,wellness.hiphop,available,25.98,33.98,high,medium,8,namecheap,,,05/10/2026 02:58
df398cef-cc4d-40d0-bce8-6e9579cbc8dd,exercise.day,premium,129.2,167.7,high,low,8,unstoppable,,,07/10/2026 08:26
c08a4698-3164-4e3a-b9a5-e010c1cc7aef,exercise.fast,premium,65,65,high,low,8,namecheap,,,07/10/2026 08:26
bcd62da9-ccd6-4f14-86f8-40da48b54c29,training.black,available,15.73,51.95,high,low,8,spaceship,,,07/10/2026 11:56
1a8b6866-3eda-4a9c-96d5-b72fbe2d1633,wellness.forex,available,10.55,83,high,medium,8,spaceship,,,05/10/2026 02:58
ca2766d9-c743-43ae-88a6-e9cbf69af501,training.photo,premium,103.7,103.7,high,low,8,spaceship,,,07/10/2026 11:56
939c97da-78ac-476b-9b8d-eff90e3263e1,wellness.care,resell,,,high,medium,8,Dynadot Inc,13/08/2014 01:02,13/08/2027 01:02,05/10/2026 02:58
42c2b429-2696-4ed3-8ea5-2ddb03e15258,wellness.online,premium,1293.95,5175.2,high,medium,8,spaceship,,,05/10/2026 02:58
271c2f3e-3fe2-44c1-9a9b-e554bce54174,fitness.love,premium,4347.2,6210.2,high,medium,7,spaceship,,,07/10/2026 08:30
fefd8127-a573-44a4-b63e-25b5ba2aab4e,training.berlin,premium,606.55,54.25,high,low,8,dynadot,,,07/10/2026 11:56
33ab53ec-5258-4ca5-acf5-1de6abe90b07,exercise.glass,available,72.99,72.99,high,low,8,namesilo,,,07/10/2026 08:26
79f57934-fc07-4790-9c12-cfde88ad1896,exercise.autos,available,1.24,13.97,high,low,8,spaceship,,,07/10/2026 08:26
f39ae48f-6342-4533-8f29-58f7ba718935,health.video,premium,3450,3450,high,low,6,namesilo,,,07/10/2026 05:06
d45867ee-e5b9-44df-ad17-c3d45a8b4fea,training.surgery,premium,220,220,high,low,8,dynadot,,,07/10/2026 11:56
3b2517f2-eca4-4afb-983e-e585093db22e,exercise.fail,premium,118.8,118.8,high,low,8,namesilo,,,07/10/2026 08:26
6fa8d92b-3474-49b1-b89c-6199f7f45b8d,health.storage,available,465.95,500.2,high,low,6,spaceship,,,07/10/2026 05:06
32bc4654-5316-4bbd-ae25-b88ba0bc1f91,workout.horse,available,32.49,32.49,high,low,7,namesilo,,,02/10/2026 23:14
4b71dd0d-2f07-4748-92fa-76c5741e6230,training.red,resell,,,high,low,8,"Spaceship, Inc.",15/01/2021 14:30,15/01/2027 14:30,07/10/2026 11:56
31a55dc8-bafc-42b4-80bc-e9fdc95e2e0a,gym.pro,premium,3450,3450,high,low,3,namesilo,,,29/09/2026 21:52
b8e584b5-d3f2-4e73-9638-1112c1cbbd36,fitness.works,resell,,,high,medium,7,"Global Domains International, Inc. DBA DomainCostClub.com",09/08/2015 19:21,09/08/2028 19:21,07/10/2026 08:30
0bbe1ec3-057a-4c20-aa01-769b1f9d5be4,fitness.eco,premium,7762.7,59.71,high,medium,7,spaceship,,,07/10/2026 08:30
dfc6f29f-3e1f-4d07-afb5-7a63135434a6,fitness.esq,premium,1344.67,1344.67,high,medium,7,spaceship,,,07/10/2026 08:30
6f5ae476-3adf-42b1-b65e-dbe7c4e0ef0f,training.college,premium,10350.2,10350.2,high,low,8,spaceship,,,07/10/2026 11:56
a4406fc4-a613-4c5a-b275-1452b3e89b7e,training.cab,available,25.2,25.2,high,low,8,cloudflare,,,07/10/2026 11:56
d11f83f1-2b6a-4292-986c-a89db53e7088,wellness.golf,resell,,,high,medium,8,"GoDaddy.com, LLC",26/06/2024 17:00,26/06/2027 17:00,05/10/2026 02:58
f3b49f95-4ece-49ab-8b09-84868f2e7f9b,exercise.vip,premium,517.7,15.73,high,low,8,spaceship,,,07/10/2026 08:26
bd39dcb1-bc11-4a00-83bd-de273b1161e4,health.democrat,available,5.66,5.66,high,low,6,porkbun,,,07/10/2026 05:06
e972619e-bcad-43d0-993d-a1965c6cf463,training.icu,premium,310.7,621.2,high,low,8,spaceship,,,07/10/2026 11:56
65cf877f-6a21-42a2-87c3-be960b63e0c9,training.racing,premium,517.7,258.95,high,low,8,spaceship,,,07/10/2026 11:56
25f2d363-6716-4c23-a879-118513303667,workout.schule,available,28.99,28.99,high,low,7,namesilo,,,02/10/2026 23:14
89873181-4f0d-445e-b592-9f71e123f093,exercise.blue,available,19.2,19.2,high,low,8,cloudflare,,,07/10/2026 08:26
afc42483-5aaf-4b84-9537-42e16cfe3110,fitness.to,resell,,,high,medium,7,NAMECHEAP,04/03/2023 09:31,16/09/2027 14:12,07/10/2026 08:30
e6cbeb91-05f7-4e3c-9128-63e1c410b803,health.services,resell,,,high,low,6,"Name.com, Inc.",18/07/2024 17:42,18/07/2027 17:42,07/10/2026 05:06
d2b046f3-e5b6-4ace-9805-e73c310ee8fe,fitness.ooo,resell,,,high,medium,7,Dynadot Inc,11/01/2023 22:36,11/01/2028 23:59,07/10/2026 08:30
c8ae8852-b78d-443a-94eb-14955472a1bb,training.kaufen,available,23.94,23.94,high,low,8,spaceship,,,07/10/2026 11:56
4f5ed54d-063c-4e1a-b1f3-b0a0b509b687,training.lease,premium,102.67,102.67,high,low,8,spaceship,,,07/10/2026 11:56
a65e6baf-b16f-4619-bf36-3f0ba88b24bc,fitness.vodka,available,32.49,32.49,high,medium,7,namesilo,,,07/10/2026 08:30
d5110c37-13b3-4724-b9a8-14260aabe78a,fitness.market,premium,512,512,high,medium,7,namesilo,,,07/10/2026 08:30
92247b9f-5928-4b69-94f4-38867888c647,training.bingo,available,42.64,42.64,high,low,8,spaceship,,,07/10/2026 11:56
4c74ff9e-fb6f-401e-9f62-42c53a07768e,exercise.events,premium,78.54,78.54,high,low,8,namesilo,,,07/10/2026 08:26
a80b6189-4411-463f-93dc-9bd53a56d7e7,training.faith,premium,1035.2,103.7,high,low,8,spaceship,,,07/10/2026 11:56
29989d42-1662-44d1-8da4-7dd7d4627c68,fitness.capital,premium,68.51,68.51,high,medium,7,spaceship,,,07/10/2026 08:30
3edea067-7f1b-4a69-b903-797bf1e1c44e,exercise.work,resell,,,high,low,8,"Xiamen ChinaSource Internet Service Co., Ltd",29/11/2020 23:54,29/11/2026 23:54,07/10/2026 08:26
83f283c3-43d5-4822-99ea-de7eb3517610,exercise.study,premium,65,65,high,low,8,namecheap,,,07/10/2026 08:26
5e5ef138-c0ea-4ceb-a882-db8d9ecdea84,wellness.observer,premium,23.6,23.6,high,medium,8,namesilo,,,05/10/2026 02:58
e16ebf82-f0d2-4561-9654-effe74345438,health.associates,premium,66.5,85.8,high,low,6,unstoppable,,,07/10/2026 05:06
0e8f1d4d-a588-4e31-a411-b6259408a75c,health.ing,premium,1419.68,1419.68,high,low,6,porkbun,,,07/10/2026 05:06
ccf36e6c-f843-4931-95e2-a2aca62b0d1e,strength.training,resell,,,high,low,8,Dynadot Inc,09/06/2015 11:25,09/06/2027 11:25,26/09/2026 09:20
279147fb-c5a6-4b0f-b3af-d29bb0633a5c,training.ventures,available,5.57,54.79,high,low,8,dynadot,,,07/10/2026 11:56
ab8cd50e-fa2d-454d-b951-30bd0aea1373,training.industries,premium,54.36,108.6,high,low,8,porkbun,,,07/10/2026 11:56
813a1817-0073-4861-8631-5bdeb7e9805e,health.design,resell,,,high,low,6,"GoDaddy.com, LLC",04/08/2015 00:00,04/08/2027 23:59,07/10/2026 05:06
5224a3b3-c327-45ba-b3fb-75a82e9c6f6f,training.ltd,available,4.34,25.04,high,low,8,spaceship,,,07/10/2026 11:56
006340e0-7b74-45cf-8e22-42c7d5592d79,wellness.dating,available,20.99,64.99,high,medium,8,namesilo,,,05/10/2026 02:58
304258fe-0b2e-4426-b1dc-c9d03443c567,training.repair,available,28.2,28.2,high,low,8,cloudflare,,,07/10/2026 11:56
6541e6f2-a9be-433f-ae4c-884f4dbadb23,wellness.claims,available,10.81,52.01,high,medium,8,porkbun,,,05/10/2026 02:58
594d0d80-3186-41cd-b9b8-66507be9feb0,fitness.legal,available,57.13,57.13,high,medium,7,spaceship,,,07/10/2026 08:30
872a0f44-7ff8-4b00-a236-149d2ec44449,wellness.actor,available,16.99,44.49,high,medium,8,namesilo,,,05/10/2026 02:58
ffd4514d-121b-490b-8b6e-485dd067b027,exercise.my,premium,91.96,91.96,high,low,8,namesilo,,,07/10/2026 08:26
cf1df3a2-50ea-4252-9ab1-16493217f44b,training.vision,resell,,,high,low,8,"Sav.com, LLC - 32",07/04/2026 15:15,07/04/2027 15:15,07/10/2026 11:56
c2be19e2-c73d-4e18-922b-176be5cf6042,fitness.finance,resell,,,high,medium,7,"Spaceship, Inc.",30/11/2022 15:15,30/11/2027 15:15,07/10/2026 08:30
5e888c4c-ff40-4182-861d-b73aaa0396ae,training.tools,resell,,,high,low,8,"Spaceship, Inc.",21/06/2024 17:00,21/06/2027 17:00,07/10/2026 11:56
72323572-feda-4fca-a331-dc2aa28827e7,exercise.barcelona,available,25.04,25.04,high,low,8,spaceship,,,07/10/2026 08:26
e71721c8-75f3-4fd7-a4a9-645186bbf1af,fitness.organic,available,17.99,85.99,high,medium,7,namesilo,,,07/10/2026 08:30
34194eed-0a2e-42d9-adff-ae64a439f8f0,training.link,premium,1950,1950,high,low,8,namecheap,,,07/10/2026 11:56
e3a5a9ae-ec1b-4d7d-8d62-7a0916d6bf04,health.bid,resell,,,high,low,6,Dynadot Inc,26/07/2019 14:17,26/07/2027 14:17,07/10/2026 05:06
f9512b0b-0b3e-4279-9865-28402f9811db,training.garden,premium,104,32.5,high,low,8,namecheap,,,07/10/2026 11:56
bb4c5814-7eaf-448d-8737-e070ba1fa29d,workout.tennis,available,53.72,53.72,high,low,7,dynadot,,,02/10/2026 23:14
dc1ca3b4-d1a3-4756-8487-ca72d8002161,fitness.wedding,premium,414.2,26.08,high,medium,7,spaceship,,,07/10/2026 08:30
0db6a8bc-9cc1-45d4-a751-8812a46ce4de,workout.education,available,34.99,34.99,high,low,7,namesilo,,,02/10/2026 23:14
bc2f413a-9926-4471-aef2-21ae28f10f4e,wellness.movie,available,46,270.2,high,medium,8,unstoppable,,,05/10/2026 02:58
9c136ad1-9b47-4636-b31e-eac2c5e734ab,training.university,resell,,,high,low,8,Dynadot Inc,27/06/2026 17:00,27/06/2027 17:00,07/10/2026 11:56
86947e22-fbaf-4933-8c77-addf98ea2ab3,training.productions,premium,207.2,207.2,high,low,8,spaceship,,,07/10/2026 11:56
a3238ba7-0cd5-4aa8-8ea9-c8d1424ca4b7,training.cheap,premium,207.2,207.2,high,low,8,spaceship,,,07/10/2026 11:56
e3085738-7ce8-4a5f-9601-2b4aa18324f6,workout.study,premium,51.95,51.95,high,low,7,spaceship,,,02/10/2026 23:14
2d3b1757-cde5-476c-a695-3860ce5a82d9,fitness.apartments,available,67.98,81.48,high,medium,7,namecheap,,,07/10/2026 08:30
ff5d94e5-bc28-422a-ba43-e057b655d7ba,wellness.ing,premium,362.45,362.45,high,medium,8,spaceship,,,05/10/2026 02:58
79c29c7e-df33-4231-9040-d1ace98ec492,exercise.ooo,premium,58.99,23.59,high,low,8,namesilo,,,07/10/2026 08:26
569cf377-5b6e-405b-836b-5915b9bccc38,health.green,premium,640,640,high,low,6,namesilo,,,07/10/2026 05:06
8ccd4cf4-36cd-4f7f-8f03-9307041759e8,training.clothing,available,26.08,26.08,high,low,8,spaceship,,,07/10/2026 11:56
33197c27-a7cc-48fc-ba78-52ee00bc637d,exercise.berlin,available,54.25,54.25,high,low,8,dynadot,,,07/10/2026 08:26
0bd7be2c-d59f-4eca-ad34-2f6dc8f83e27,health.sarl,available,5.57,5.57,high,low,6,dynadot,,,07/10/2026 05:06
c3dd67b8-c4ca-44d2-8d6d-d4a3ddc375de,fitness.boo,premium,999.2,1298.7,high,medium,7,unstoppable,,,07/10/2026 08:30
6df668c3-47ce-4150-ab63-4f319219f05d,exercise.name,available,8.98,9.98,high,low,8,namecheap,,,07/10/2026 08:26
e46a6d6e-6484-4c65-bfdb-53d15dfbe514,training.games,premium,103.7,207.2,high,low,8,spaceship,,,07/10/2026 11:56
bebbd64a-92b2-4706-a656-e2ab06992d5c,exercise.condos,available,46.78,46.78,high,low,8,spaceship,,,07/10/2026 08:26
43e46faa-b827-414e-9984-675b036e348f,health.deal,premium,500.5,650,high,low,6,unstoppable,,,07/10/2026 05:06
a31111a8-13c0-4d18-ae59-f7182f5be058,workout.care,available,10.03,35.39,high,low,7,spaceship,,,02/10/2026 23:14
c6fb90ae-3d73-48f0-acea-bd16d06043b1,exercise.flights,available,20.9,46.78,high,low,8,spaceship,,,07/10/2026 08:26
0e4a9495-b2e7-40ec-b982-24d438efc4cb,gym.center,premium,207.2,207.2,high,low,3,spaceship,,,29/09/2026 21:52
9cdfe1f7-eaba-4460-a23b-eec5eb9d6147,health.camp,premium,828.2,828.2,high,low,6,spaceship,,,07/10/2026 05:06
c00ae5cf-2ff2-4116-9b38-ad0c7a429f6b,exercise.legal,available,71.99,71.99,high,low,8,namesilo,,,07/10/2026 08:26
20d8e587-a62d-4b62-bbcd-cd1f096e88bb,exercise.delivery,available,6.75,61.99,high,low,8,namesilo,,,07/10/2026 08:26
00b57188-5da5-4219-9a7f-516f1a863afe,exercise.land,available,15.99,41.99,high,low,8,namesilo,,,07/10/2026 08:26
6235282a-f947-42e2-9e05-521ee16a3a13,exercise.house,resell,,,high,low,8,"Global Domains International, Inc. DBA DomainCostClub.com",25/05/2020 16:29,25/05/2027 16:29,07/10/2026 08:26
25abfb44-a446-4d07-99d3-cfc185c93bf1,wellness.associates,available,11.59,31.25,high,medium,8,spaceship,,,05/10/2026 02:58
372abc2a-00dc-4ed2-a89a-5747a00c7ce7,health.market,premium,,,high,low,6,,,,07/10/2026 05:06
3e10f4f6-b617-4f71-be39-e36b7538ef9f,wellness.trade,premium,448,53.92,high,medium,8,namesilo,,,05/10/2026 02:58
c9319435-82c0-440c-bf07-e3d8e97814ff,wellness.racing,premium,130,130,high,medium,8,namecheap,,,05/10/2026 02:58
95dfae50-dbbe-4a36-b7a5-6f1ded439602,training.hamburg,available,69.98,73.98,high,low,8,namecheap,,,07/10/2026 11:56
8e32bdc9-d747-4afc-aa1e-9acfe44402b4,training.forum,premium,103.7,103.7,high,low,8,spaceship,,,07/10/2026 11:56
646ba036-5720-49b9-b89d-11b8f0214575,workout.navy,available,33.32,33.32,high,low,7,spaceship,,,02/10/2026 23:14
6a183665-26d4-4b57-a643-2c325158d34e,training.futbol,premium,128.7,128.7,high,low,8,namecheap,,,07/10/2026 11:56
5e06dc39-8ec8-4fa6-8c35-e6fe28e3ec1d,wellness.garden,premium,5520,29.5,high,medium,8,namesilo,,,05/10/2026 02:58
d29cbc56-5aeb-47a5-84af-8f132d57d650,fitness.fun,premium,1293.95,5175.2,high,medium,7,spaceship,,,07/10/2026 08:30
2cb2621d-45cb-43ea-b136-5d2eb54a5aff,strength.fitness,premium,260,260,high,low,8,namecheap,,,19/09/2026 17:18
32cece7b-05fb-4fe1-ae4c-975617875ebc,workout.fit,premium,2600,32.5,high,low,7,namecheap,,,02/10/2026 23:14
cc481108-d0d7-45db-8aab-264980aedc7f,health.luxury,premium,2070.2,2070.2,high,low,6,spaceship,,,07/10/2026 05:06
e1856b00-6c52-48c8-a181-7d023d81bb2f,training.holdings,available,58.19,58.19,high,low,8,porkbun,,,07/10/2026 11:56
747293bb-d500-46a5-98e8-ab7e17ec964b,workout.living,premium,362.45,517.7,high,low,7,spaceship,,,02/10/2026 23:14
ac88006d-067b-427d-b979-54b715072780,health.vodka,available,32.49,32.49,high,low,6,namesilo,,,07/10/2026 05:06
e03cb3fc-db4d-4c43-8592-ed843b836bf2,workout.hockey,available,46.2,46.2,high,low,7,cloudflare,,,02/10/2026 23:14
3b1a49ef-0733-4ac6-a86b-7523c1fce9ed,fitness.melbourne,available,58,58,high,medium,7,namesilo,,,07/10/2026 08:30
51b7741d-ccd7-47e9-be29-5560bac37dbf,health.hosting,premium,1345.7,1345.7,high,low,6,spaceship,,,07/10/2026 05:06
ba316947-671b-4dba-807f-5aae7671af65,fitness.news,premium,1000.5,1035.2,high,medium,7,unstoppable,,,07/10/2026 08:30
b8436775-5714-48b8-a7f2-0b5f73266cf5,training.fish,premium,54.36,108.6,high,low,8,porkbun,,,07/10/2026 11:56
77244189-a9ab-45ce-bb09-c7cdd6539bc7,wellness.domains,resell,,,high,medium,8,"Sav.com, LLC",09/05/2026 22:50,09/05/2027 22:50,05/10/2026 02:58
cb66161d-b75c-4baa-beea-d6dcd98815bd,training.lgbt,available,10.92,70.84,high,low,8,dynadot,,,07/10/2026 11:56
5f4d20c8-6634-4b4d-a766-5d86a910a8d2,training.fund,premium,414.2,414.2,high,low,8,spaceship,,,07/10/2026 11:56
50d36ed2-711b-4af2-9c8e-55532508de81,exercise.hot,premium,116,116,high,low,8,namesilo,,,07/10/2026 08:26
41c5c75f-7f0b-4d82-b0cc-fc08785637e6,health.hamburg,available,69.98,73.98,high,low,6,namecheap,,,07/10/2026 05:06
4ca16b2b-977f-4fe7-82c4-fdde8937d075,training.download,premium,103.7,26.08,high,low,8,spaceship,,,07/10/2026 11:56
bb86df67-46b3-4323-a3ee-4bec1ba21cc5,training.living,premium,455,650,high,low,8,namecheap,,,07/10/2026 11:56
9da01d69-0775-4909-99dc-18ca579d55df,exercise.soccer,available,20.2,20.2,high,low,8,cloudflare,,,07/10/2026 08:26
33f97ebe-7756-4d82-9591-8cba673c22dc,health.country,available,2140.22,2140.22,high,low,6,dynadot,,,07/10/2026 05:06
6b5961fe-05a1-44e4-b5e1-54d896ba0a7d,fitness.international,resell,,,high,medium,7,"Sav.com, LLC - 4",20/08/2026 15:15,20/08/2027 15:15,07/10/2026 08:30
2cbef9dc-d516-4d8a-b1bc-3dd1bdd0199c,fitness.pub,resell,,,high,medium,7,"Chengdu West Dimension Digital Technology Co., Ltd.",29/04/2017 11:28,29/04/2027 11:28,07/10/2026 08:30
1258c260-873e-4144-ad78-ae6d0d401e93,wellness.dance,available,16.99,27.49,high,medium,8,namesilo,,,05/10/2026 02:58
7783d2c9-c78f-4473-bce4-f7dc1374b6e6,exercise.today,premium,118.8,118.8,high,low,8,namesilo,,,07/10/2026 08:26
dcf81320-39cc-4259-a58e-5ed0f203278e,fitness.boston,premium,520,23.4,high,medium,7,namecheap,,,07/10/2026 08:30
c53d32b4-3310-4461-ba8f-f83ea8adda04,exercise.financial,available,16.27,53.72,high,low,8,dynadot,,,07/10/2026 08:26
070901db-c655-4ab3-9e01-f542e62fa43a,health.gives,premium,218.86,218.86,high,low,6,porkbun,,,07/10/2026 05:06
5fa07516-e5ca-43be-b5df-8b766c48fe83,health.prof,premium,1344.67,1344.67,high,low,6,spaceship,,,07/10/2026 05:06
247e7732-1dcb-4df8-8973-75373182907d,exercise.foundation,available,6.41,22.39,high,low,8,spaceship,,,07/10/2026 08:26
46cad509-dece-4ac4-9830-824fd888a415,exercise.accountant,available,23.59,23.59,high,low,8,namesilo,,,07/10/2026 08:26
9ed0ba00-216a-4345-9da8-05153b04f1b7,exercise.observer,available,10.99,10.99,high,low,8,namesilo,,,07/10/2026 08:26
ca18eb35-edff-4387-b41b-966a0f2d6d70,workout.photos,premium,102.67,102.67,high,low,7,spaceship,,,02/10/2026 23:14
53fadb58-2117-4e46-90a3-afc79164ee0c,wellness.accountants,available,93.35,93.35,high,medium,8,spaceship,,,05/10/2026 02:58
5b99b806-c9c6-4794-a602-fbf7fb8589c0,health.yachts,premium,2600,2600,high,low,6,namecheap,,,07/10/2026 05:06
eab75545-b422-4530-9d4e-9b8eebea60ea,health.fashion,resell,,,high,low,6,"Spaceship, Inc.",16/04/2021 08:25,16/04/2027 08:25,07/10/2026 05:06
449207a7-1a75-43d7-bfd0-e958d717d661,health.golf,resell,,,high,low,6,"Sav.com, LLC - 36",12/09/2025 17:00,12/09/2027 17:00,07/10/2026 05:06
bfb60609-4181-40f0-b7e6-f64148c77039,wellness.ooo,premium,8625,119.99,high,medium,8,namesilo,,,05/10/2026 02:58
b4638d0a-ab7b-49cd-8a27-6e08b971e038,wellness.rent,available,5,81.98,high,medium,8,namecheap,,,05/10/2026 02:58
9736ad7d-2360-412f-8a21-2f5e6fbc82f6,strength.schule,available,28.99,28.99,high,low,8,namesilo,,,19/09/2026 17:18
a673c1f8-cc93-4178-8922-5dc48c32f2a7,exercise.engineer,available,38.99,38.99,high,low,8,namesilo,,,07/10/2026 08:26
c8e4a39d-2a80-4e8e-9942-9d56db0bee86,diet.fit,premium,854,29.5,high,low,4,namesilo,,,24/09/2026 22:16
e4a07ea4-e6a2-4e5b-a66c-6f930e10b112,health.immobilien,available,8.24,31.41,high,low,6,porkbun,,,07/10/2026 05:06
126e42b8-3304-4f94-91bc-af4c9f8dc732,wellness.realty,available,88.18,289.16,high,medium,8,spaceship,,,05/10/2026 02:58
a579c82c-3de7-4e36-9d83-3c4a6649aeba,exercise.moe,premium,96,14.16,high,low,8,namesilo,,,07/10/2026 08:26
52add2f6-82ad-4baf-87d1-1eca29295247,workout.rentals,available,6.41,35.39,high,low,7,spaceship,,,02/10/2026 23:14
98fa3dac-b788-4722-b037-8cc864085512,wellness.foo,premium,133.72,133.72,high,medium,8,spaceship,,,05/10/2026 02:58
26639536-f491-4727-bd48-fee7d5846548,exercise.shop,premium,517.7,517.7,high,low,8,spaceship,,,07/10/2026 08:26
196b2f32-0912-4218-bab0-d327e52a56ff,gym.surf,premium,414.2,26.08,high,low,3,spaceship,,,29/09/2026 21:52
a877fa14-bcc8-44d5-8e74-5d12b55e6322,workout.men,premium,2729.67,109.69,high,low,7,porkbun,,,02/10/2026 23:14
63e8abce-1a97-4e6b-80e4-f75bc3e64f90,health.directory,resell,,,high,low,6,"Global Domains International, Inc. DBA DomainCostClub.com",16/02/2014 16:00,16/02/2028 16:00,07/10/2026 05:06
2e5422f2-f8d5-4779-93f1-1200213f1129,wellness.prof,premium,340.72,340.72,high,medium,8,spaceship,,,05/10/2026 02:58
d1f93344-e75d-4ebc-8a82-f2eb8bc31fe4,workout.cooking,available,32.49,32.49,high,low,7,namesilo,,,02/10/2026 23:14
fc5cc797-7abc-422f-817a-b2d068280d0a,health.promo,premium,3450,3450,high,low,6,namesilo,,,07/10/2026 05:06